"ID","T_EV_2","T_EV_3","T_EV_4","T_L6_2","T_L6_3","T_L6_4","baseMean","log2FoldChange","lfcSE","stat","pvalue","padj","foldChange","log10padj"
"WBGene00000115",5350.182356272,3880.46045216668,4629.39518504071,1681.20675634528,2441.59402856654,2590.63760631311,3428.91273078405,-1.0458832660383,0.276680612515545,13.9920567024615,0.00018358457759085,0.00244173400742612,0.484348283495928,2.6123016480893
"WBGene00000298",1057.91453388694,1103.37888875636,1008.21040578505,620.276808525285,372.571902125073,569.215495894112,788.594672495471,-1.02062918639209,0.276957446245859,13.3265779647432,0.00026167061615018,0.00318771158420709,0.492901341836281,2.49652097932538
"WBGene00000525",12.8566002382094,19.1990185351669,22.0945763666851,1.76969132246872,4.62248017524904,2.65162498087319,10.5323319364421,-2.58227218319437,0.785590950022144,10.9756882783475,0.000923149627747516,0.00829228314342643,0.166977754300535,2.08132587716087
"WBGene00000596",1819.20893370663,341.064917507083,439.565782452998,92.0239487683733,71.1861946988352,53.9163746110882,469.494358624168,-3.58234378730057,0.600509641186172,29.3613323895057,6.00642396960117e-08,2.95297968910243e-06,0.0834847335177571,5.5297395401467
"WBGene00000620",61.5280154257164,49.6915773851379,179.082355814185,5.30907396740615,9.24496035049808,5.30324996174638,51.6932054841149,-3.87078711622469,0.650420137480458,31.89788729478,1.62493796867944e-08,9.13005112401891e-07,0.0683560519532161,6.03952679061278
"WBGene00000638",2644.78633471736,719.398518053019,631.439735111053,119.454164266638,85.0536352245824,90.1552493496885,715.047939453724,-3.76155379411368,0.542424132639379,38.9975859344991,4.24329931238648e-10,3.41927128494206e-08,0.0737325879732937,7.46606644091753
"WBGene00000657",9106.14628300603,4341.23689701069,5970.18710876639,1295.4140480471,1211.08980591525,1270.12836583826,3865.70041809728,-2.36227033257126,0.321686316852784,48.8712390790165,2.7332951610191e-12,3.13550713644962e-10,0.194484848103006,9.50369220642837
"WBGene00000663",2001.95632280689,448.353550497722,667.488780761961,99.1027140582482,59.1677462431877,59.2196245728346,555.881456490141,-3.8417470327219,0.54786889473849,39.7294818033141,2.91688950709867e-10,2.43614139869754e-08,0.0697459360736098,7.61329750795545
"WBGene00000694",1428.91928361813,402.050035207025,432.588547810887,230.059871920933,109.090532135877,84.8519993879421,447.926711680133,-2.41687915843094,0.570009534924382,16.2738389215125,5.48155572960424e-05,0.000948165644998246,0.187260801296785,3.02311578457706
"WBGene00000700",764.967714173459,175.049874879463,206.991294382629,62.8240419476395,16.6409286308965,14.1419998979903,206.769308985346,-3.61519608908485,0.698554584962623,22.2229731159947,2.42751792833118e-06,7.22525561407256e-05,0.0816051442825803,4.14114678389079
"WBGene00000708",377.43304985029,691.164667266009,910.529120795497,75.2118812049205,64.7147224534866,108.716624215801,371.295010964334,-2.99161261642311,0.402282720740189,48.4528323220391,3.3832931931203e-12,3.85438760394167e-10,0.125728827947361,9.41404461407373
"WBGene00000710",449.981008337329,66.631887857344,133.730330640462,5.30907396740615,7.39596828039847,5.30324996174638,111.391919840781,-5.17793514368973,0.716197774188193,42.1870251773819,8.29485290374931e-11,7.78537926801335e-09,0.0276239771528525,8.10872022574284
"WBGene00000725",56.9363724834988,18.0696645036865,9.30297952281478,3.53938264493744,2.77348810514942,3.53549997449759,15.6928978724308,-3.10577470248886,0.874159631467092,12.0982307974062,0.000504696883031528,0.00527997961418481,0.116163223417478,2.27736775425864
"WBGene00000988",2828.45205240607,2068.97658567211,2704.8412962584,424.725917392492,398.457791106467,471.989246595428,1482.90714823849,-2.55330630570213,0.239677469206166,102.057371085516,5.39368343378714e-24,2.69994717099181e-21,0.170364151216745,20.56864473346
"WBGene00001040",1695.23457426675,1962.81730671295,1737.33142588566,554.798229593943,941.136963680705,1032.3659925533,1320.61408211555,-1.09354989627301,0.303791090504934,12.6691562072067,0.000371737258383667,0.00418340426785993,0.468606900422536,2.37847016486779
"WBGene00001044",515.182338116819,529.667040764311,526.781215479387,174.314595263169,320.800124162283,270.465748049065,389.535176972506,-1.0378728865201,0.300591620467115,11.7023905170152,0.000624198553298244,0.00618915720404183,0.487045045116592,2.20836848612592
"WBGene00001155",14206.5432632214,11695.5903500111,12557.8594833596,4684.3729305747,4615.08420696864,4411.42009317936,8695.14505455246,-1.48807025121434,0.197700179125778,54.3399537533079,1.68637947151918e-13,2.26482134065247e-11,0.356489069885914,10.6449660514123
"WBGene00001164",163.462488742948,176.179228910944,134.893203080814,36.2786721106087,45.3003057174406,34.4711247513515,98.4308372190178,-2.03338107285729,0.318001749244647,39.579135669733,3.15031108974446e-10,2.61507481866777e-08,0.244281908560309,7.58251588122511
"WBGene00001165",219.480532638003,276.6917377127,308.16119669324,117.68447294417,110.015028170927,76.8971244453225,184.821682100727,-1.39994556786666,0.307732098467439,20.1260329042193,7.25030761016293e-06,0.000182017980869729,0.378943438696687,3.73988570758207
"WBGene00001303",5262.94114036986,4678.91375242333,4816.61764793735,1526.35876562927,1976.57252293649,2035.56411031699,3382.82798993555,-1.41403750558178,0.225461060492858,37.8938336737186,7.47009754487787e-10,5.60902460653807e-08,0.375260018659008,7.25111265475599
"WBGene00001399",337.944920547218,337.676855412642,443.054399774054,15.0423762409841,14.7919365607969,20.3291248533611,194.806602231509,-4.47720560578561,0.343050225492652,158.071131131202,2.98605961688933e-36,4.48424716467226e-33,0.0448979814220369,32.3483104577865
"WBGene00001590",617.116811434051,592.910866527214,581.436220175924,207.05388472884,340.214540898329,290.794872902427,438.254532777797,-1.09639559131826,0.274573731498943,15.6232565880788,7.72980276210576e-05,0.00124331657085906,0.467683491112622,2.90541827805775
"WBGene00001912",76.2212728408129,36.139329007373,54.6550046965368,12.387839257281,6.47147224534866,7.95487494261957,32.3049654983287,-2.64060217316334,0.542276960153739,23.0579539206862,1.57190863498837e-06,4.98394601561859e-05,0.160361289283418,4.3024266704512
"WBGene00001922",93.6695160212399,119.711527336923,103.495647191314,38.9332090943118,36.0553453669425,39.7743747130979,71.9399366206383,-1.46333705618295,0.32244469106474,20.3037749381228,6.60701012110769e-06,0.00016842777807188,0.362653315532123,3.77358628060086
"WBGene00001932",75.3029442523693,100.512508801756,115.124371594833,30.0847524819682,37.9043374370421,38.0066247258491,66.1559232156363,-1.45396710275566,0.35884843096283,16.1225885189483,5.93716554559765e-05,0.00101633199634951,0.365016325901747,2.99296440166791
"WBGene00001936",72.5479584870387,67.7612418888244,66.2837291000553,18.5817588859215,31.4328651916935,18.5613748661123,45.861488069941,-1.59428156479774,0.404556710811548,15.2855370095462,9.24214375592179e-05,0.00144407080961162,0.331187111540774,2.84041151073479
"WBGene00001940",75.3029442523693,100.512508801756,115.124371594833,30.0847524819682,37.9043374370421,38.0066247258491,66.1559232156363,-1.45396710275566,0.35884843096283,16.1225885189483,5.93716554559765e-05,0.00101633199634951,0.365016325901747,2.99296440166791
"WBGene00001942",190.09401780781,351.229103790407,350.024604545906,46.896820045421,110.015028170927,144.071623960777,198.721866386875,-1.56553161052008,0.463361584290687,10.9498413785089,0.00093611628377121,0.00838842709605062,0.337853191709194,2.07631946557723
"WBGene00002064",17302.2289348645,20228.9894118771,21086.3659609001,6078.00484701881,9761.75363409092,10975.0757958341,14238.7364307642,-1.12829386932264,0.294882506838613,14.2828258364985,0.000157293472392035,0.00217615650790957,0.457456393133734,2.66230987364424
"WBGene00002130",2148.88889695786,2862.91246980283,3015.32823783234,701.682609358847,1096.45229756907,1130.4761168456,1825.95677139443,-1.45457196833041,0.294790248737036,23.4072595808993,1.31082919885043e-06,4.26251723145873e-05,0.364863320916946,4.37033385233673
"WBGene00002260",16.5299145919835,30.492558849971,26.7460661280925,1.76969132246872,1.84899207009962,0,12.8978704937692,-4.35356783239764,0.964762099448328,23.8499285410178,1.04145744685466e-06,3.53988386102718e-05,0.0489153870497768,4.45101098637603
"WBGene00002783",2133.27731095432,3966.29135855919,3817.71022167512,1157.37812489454,1253.61662352754,1006.73361773819,2222.50120955815,-1.53676393689079,0.312132690133522,23.1955288881441,1.46337166866825e-06,4.68477453386255e-05,0.344657678752583,4.32931130574858
"WBGene00003474",161.625831566061,263.139489334935,311.649814014295,64.5937332701082,61.9412343483371,116.67149915842,163.270266948693,-1.59645064002461,0.402790743529036,15.0975658368257,0.000102094850472577,0.00155030803400227,0.330689549700603,2.80958200236114
"WBGene00003522",44.9981008337329,28.2338507870102,86.0525605860367,9.73330227357795,9.24496035049808,4.41937496812198,30.4470249664963,-2.76656557302264,0.624827523760151,18.6550736536816,1.56629908795011e-05,0.000339995987304177,0.146953785384114,3.46852620855168
"WBGene00003601",226.827161345552,376.074892482976,355.838966747665,30.9695981432026,128.504948871923,98.110124292308,202.720948647271,-1.89613345886682,0.500318362924188,13.5228915343676,0.000235671018756724,0.00294295897380312,0.268662439005514,2.53121579212231
"WBGene00003611",277.335233709946,380.592308608897,358.164711628369,88.4845661234359,177.503238729563,181.194373693001,243.879072082202,-1.18372267839926,0.359302428807235,10.6004728563976,0.00113058741972011,0.00960214580275396,0.440214118669652,2.01763170381877
"WBGene00003704",2208.58025520669,2028.31984053881,2924.6241874849,823.791310609188,635.128776079218,676.164370122664,1549.43479000691,-1.74581788269833,0.260097843195518,42.6613919025923,6.50842815402703e-11,6.2146083627961e-09,0.298164854277419,8.20658623488006
"WBGene00003983",12.8566002382094,11.2935403148041,20.9317039263333,0,0.924496035049808,0,7.66772341906609,-5.5434636317939,1.41913151437364,19.4616524206566,1.02639747801046e-05,0.000242561658644561,0.0214413026453169,3.615177846318
"WBGene00004041",750.274456758363,1008.513150112,950.06678376746,202.629656422668,406.778255421916,411.001872035344,621.544029086292,-1.40842286421682,0.345727112422074,16.0121408771509,6.29375867283546e-05,0.00105442798698346,0.376723290919286,2.97698307540639
"WBGene00004062",3001.09782703345,2002.34469781476,2459.47521134416,1467.07410632657,1148.22407553186,1000.54649278282,1846.4604018056,-1.04554639157849,0.278920394524964,13.7640928252372,0.000207260038952464,0.00266438022058813,0.484461393760383,2.5744037990511
"WBGene00004151",217.643875461116,215.706620012758,252.343319556351,109.72086199306,94.2985955750804,132.58124904366,170.382420273671,-1.02549251330051,0.27546150363911,13.6726861932453,0.000217596447963736,0.00276285605220058,0.491242568189966,2.55864174170799
"WBGene00004171",23.8765432995317,23.7164346610886,25.5831936877406,0,0,0,12.1960286080602,-7.20658521349078,1.33862659980316,38.5980606418066,5.20706373030965e-10,4.01941522247594e-08,0.00677020289900499,7.39583712704624
"WBGene00004352",343.45489207788,616.627301188302,566.31887845135,35.3938264493744,165.484790273916,159.097498852391,314.396197882202,-2.08410521922899,0.536184240101366,14.017452465209,0.00018112169824619,0.00242325683863673,0.235842361544327,2.61560055297299
"WBGene00004815",11.9382716497659,30.492558849971,40.7005354123147,0,4.62248017524904,2.65162498087319,15.0675785113623,-3.51833823850426,0.918425434588533,14.20861654717,0.000163619569362783,0.00224487679925566,0.0872719450545445,2.64880748845648
"WBGene00004816",32.1415005955235,72.2786580147461,74.4238361825183,7.07876528987487,16.6409286308965,16.7936248788635,36.5595522654038,-2.13919850765422,0.556992131826552,14.1522816582717,0.000168592515018516,0.00229973555374968,0.22700586740434,2.63832210056944
"WBGene00004817",108.362773436336,201.025017603512,182.57097313524,27.4302154982651,55.4697621029885,61.8712495537078,106.121665221675,-1.76341937001138,0.430250217048867,16.0802230125911,6.07148037186674e-05,0.00103037544316974,0.294549218426237,2.98700450035593
"WBGene00004820",61.5280154257164,100.512508801756,83.726815705333,4.42422830617179,18.4899207009962,30.9356247768539,49.9361856194713,-2.18906022926813,0.608943677142194,12.1705835589503,0.000485491148387069,0.00511795040217357,0.219294231951901,2.29090392715667
"WBGene00004916",4722.96393036507,5270.69526491906,5314.32705240794,1573.25558567469,2829.88236328746,2877.89697924104,3764.83686264921,-1.07206318883526,0.303461393584525,12.2068323289921,0.000476148129122804,0.00504198137498692,0.475638305150009,2.29739876293473
"WBGene00004920",2114.91073918545,2062.20046148322,2172.24571857725,729.112824857112,1132.50764293601,1286.0381157235,1582.83591712709,-1.01234988742442,0.283659132662727,12.492385674846,0.00040861404851165,0.00449731827310481,0.495738122653354,2.34704637652768
"WBGene00004954",438.042736687563,500.30383594582,454.683124177572,149.538916748607,234.821992902651,249.25274820208,337.773892444049,-1.1365114721346,0.290691406544698,14.9628932912163,0.000109646250891898,0.00163617562645281,0.454858124662363,2.7861700811625
"WBGene00004989",344.373220666323,565.806369771684,381.422160435406,71.6724985599831,43.451313647341,45.0776246748442,241.967197959264,-3.01002273414637,0.35481185604475,64.2285481540411,1.1079170125821e-15,2.05636866638693e-13,0.124134605787512,12.6868990222524
"WBGene00005002",3483.2203359663,2857.26569964543,4496.8277268406,985.718066615076,1236.05119886159,1464.58086443563,2420.61064872744,-1.5557066571122,0.287908379041333,27.9139570752873,1.26831592040335e-07,5.62970311685196e-06,0.340161871114038,5.24951450712247
"WBGene00005040",43.1614436568458,80.1841362351089,66.2837291000553,7.96361095110923,12.9429444906973,29.1678747896051,39.9506232039036,-1.91745544806853,0.56652540820648,11.0102369092414,0.000906100641852196,0.00817470043842513,0.264721000032191,2.08752815308023
"WBGene00005444",222.235518403334,172.791166816502,209.317039263333,83.1754921560297,84.1291391895325,100.761749273181,145.401684183652,-1.17347959399378,0.277577740024816,17.5955323082796,2.7322949484476e-05,0.00053795924020746,0.443350745331697,3.26925062846665
"WBGene00005552",1221.37702262989,1477.19507317637,1348.93203080814,17.6969132246872,38.8288334720919,49.4969996429662,692.254478825692,-5.25492835382918,0.373193422043818,150.2114004425,1.55866519002707e-34,1.98058386723517e-31,0.0261883984770753,30.7032067627996
"WBGene00006351",3040.58595633652,2775.95220937884,2980.44206462179,1220.20216684218,1649.30092652886,1480.49061432086,2191.16232300484,-1.01607818628155,0.222834184727235,20.3920077384215,6.30927443236531e-06,0.000161836807994165,0.494458660474703,3.79092269600709
"WBGene00006541",4475.01521148531,5759.70556055008,6985.37474919355,318.544438044369,1283.20049664913,1532.6392389447,3392.41328247786,-2.45783391479253,0.513654328501543,20.5821670311801,5.71257761719042e-06,0.000149033022967417,0.18201964679233,3.82671748928249
"WBGene00006670",78.9762586061434,81.3134902665893,94.1926676684997,16.8120675634528,36.0553453669425,25.6323748151075,55.4970340477892,-1.69795722779982,0.407280353267417,16.9609097742416,3.81574116020779e-05,0.000708227283432275,0.308222219227151,3.14982734668854
"WBGene00006886",314.98670583613,242.811116768288,205.828421942277,135.381386168857,80.4311550493333,86.6197493751909,177.676422523346,-1.33712788086472,0.341757040442605,14.9106822225958,0.000112722885648963,0.00167001735249796,0.395807846869854,2.77727901624466
"WBGene00006902",25.7132004764188,46.3035152906967,76.749581063222,1.76969132246872,10.1694563855479,2.65162498087319,27.2261782532045,-3.35518555351553,0.750311453896331,18.6363632086546,1.58174594319327e-05,0.000342449033232105,0.0977211360912961,3.46540405550914
"WBGene00006925",24306.3210789233,55590.1934915601,70124.6967705375,745.04004675933,5735.57340144901,3744.09447299294,26707.6532103704,-3.8750394151355,0.632550288508213,29.7936079388422,4.80573860012533e-08,2.4277062977208e-06,0.0681548712416616,5.61480385507393
"WBGene00007018",990.876546930567,970.11511304167,947.741038886756,235.368945888339,508.472819277394,473.756996582677,687.721910101234,-1.2565226755934,0.340153979768578,13.2573115416258,0.00027151876882074,0.0032738821475546,0.418551578764733,2.48493695827409
"WBGene00007122",2634.68472024448,2707.06161345854,2493.19851211436,923.778870328671,1237.90019093169,1428.34198969703,1904.1609827958,-1.1259543944421,0.251725571483827,19.5367855865169,9.86809812076977e-06,0.000237403120317539,0.458198806397942,3.62451357717678
"WBGene00007128",205.70560381135,267.656905460856,260.483426638814,89.3694117846702,138.674405257471,137.884499005406,183.295708659761,-1.00315290779807,0.307092968455958,10.5107884523753,0.00118679606091816,0.00992121792055054,0.498908478580401,2.00343501093985
"WBGene00007196",1949.61159326561,2653.98197397896,2507.15298139858,165.466138650825,722.0314033739,800.790744223703,1466.50580581526,-2.07444398820663,0.514410339365552,15.0447539129775,0.000104991676337862,0.00158823947016954,0.237427016506138,2.79908401530164
"WBGene00007282",330.59829183967,878.637436491757,760.518575990109,30.0847524819682,35.1308493318927,41.5421247003466,346.085338472624,-4.20485713722912,0.425344864730325,79.4265636844037,5.00486557569038e-19,1.47634597222909e-16,0.0542265374600471,15.830811856454
"WBGene00007283",387.534664323169,439.318718245878,493.057914709183,9.73330227357795,45.3003057174406,28.2839997959807,233.871484177538,-3.98791328617799,0.472825230043706,58.9892114710742,1.58538830278763e-14,2.44757283866812e-12,0.0630258165115799,11.6112643749238
"WBGene00007330",4823.98007509385,4430.45586549764,4467.7559158318,1494.50432182483,2292.75016692352,2307.7976083533,3302.87399225416,-1.17085013206688,0.261412327514752,19.5436233051357,9.83284029795229e-06,0.000237122173550181,0.444159535055047,3.62502783277751
"WBGene00007507",390.2896500885,33.8806209444122,187.222462896647,21.2362958696246,32.3573612267433,30.9356247768539,115.987002633797,-2.85620879551068,0.698595002773358,14.8001341459316,0.00011952699901234,0.00175041356089083,0.138100572407477,2.75685933074586
"WBGene00007509",49.5897437759505,23.7164346610886,47.6777700544258,8.84845661234359,10.1694563855479,8.83874993624397,24.8067685709334,-2.12233261369863,0.547748727401589,14.7864064727917,0.000120400288126225,0.00175866699691667,0.229675263076553,2.75481638629165
"WBGene00007771",293.865148301929,458.517736781045,480.266317865313,69.9028072375143,184.899207009962,185.613748661123,278.844160976148,-1.48448055692847,0.430295166710619,11.4523738698305,0.0007140272545658,0.00686875146110451,0.357377185608056,2.16312219785033
"WBGene00007870",44.0797722452894,57.5970556055008,55.8178771368887,12.387839257281,18.4899207009962,19.4452498597367,34.6362858009488,-1.64395678470366,0.435734720576923,14.0745992769218,0.000175700607498263,0.00237416771365831,0.319977688108643,2.62448860528722
"WBGene00007947",1051.48623376784,640.343735849391,912.8548656762,54.8604309965302,108.166036100828,130.813499056411,483.087466907867,-3.14840277700271,0.385855695543634,57.5086406645486,3.36497781579734e-14,4.79190246027209e-12,0.112781099887415,11.3194920306431
"WBGene00007963",130.402659558981,280.079799807141,211.642784144036,26.5453698370308,36.9798414019923,16.7936248788635,117.074013271341,-2.95373027097831,0.442929141546305,40.2797280729524,2.20080810295883e-10,1.87397675529777e-08,0.129073946591373,7.72723580037915
"WBGene00008068",30.3048434186364,28.2338507870102,34.8861732105554,0.884845661234359,4.62248017524904,2.65162498087319,16.9306363722598,-3.52599860205268,0.725041876291667,25.128178879147,5.36432280089895e-07,1.98684413336434e-05,0.0868097801025012,4.70183620167474
"WBGene00008132",2575.9116905841,2815.47960048065,2212.94625398957,1259.13537593649,1263.78607991309,1214.44424123992,1890.28387369064,-1.02485417981025,0.209251602688571,23.525200221108,1.23288326959845e-06,4.04890630824988e-05,0.491459971006821,4.39266227269586
"WBGene00008173",873.330487609795,788.289113973324,861.688478300719,314.120209738197,457.625537349655,471.105371601803,627.693199762249,-1.02184305898034,0.260327920925755,15.127184589421,0.000100505555790177,0.00153301133527048,0.492486792835627,2.81445463390804
"WBGene00008354",492.224123405731,309.443004625632,360.490456509073,130.072312201451,160.862310098667,174.123373744006,271.202596764093,-1.32255585066893,0.299795625020074,18.9422286344249,1.34736990590243e-05,0.000304060156770523,0.399825987001607,3.51704048491463
"WBGene00008384",212.133903930455,311.701712688592,248.854702235295,61.9391962864051,121.108980591525,114.903749171172,178.440374150574,-1.37449550933583,0.359287048854949,14.2124582213411,0.000163285876871346,0.00224216076478617,0.385687552419722,2.64933325135014
"WBGene00008390",541.813867181682,362.522644105211,530.269832800443,187.587280181684,228.350520657303,229.807498342343,346.725273878111,-1.15215439966181,0.279562533411952,16.6240547653477,4.55693912385442e-05,0.000817329830477211,0.449952807609855,3.0876026501388
"WBGene00008436",1029.4463476452,826.687151043658,866.339968062127,446.847058923351,295.838731215939,316.427247717534,630.264417434634,-1.36220247388131,0.272306713208884,24.2351796324293,8.52606187473002e-07,3.0158889959029e-05,0.388987992238114,4.52058464733609
"WBGene00008537",297.538462655703,726.174642241902,834.942412172627,27.4302154982651,110.015028170927,96.3423743050593,348.740522507414,-2.99098976376621,0.550562508960202,25.6418461433169,4.11028585401483e-07,1.56086924189588e-05,0.125783120392539,4.80663347739987
"WBGene00008560",409.574550445814,337.676855412642,348.861732105554,141.575305797497,169.182774414115,165.284623807762,262.025973663897,-1.20425879155948,0.245366249828218,23.6146022432538,1.17691022565752e-06,3.89606813980692e-05,0.433992257008996,4.40937345618681
"WBGene00008566",261.723647706406,234.905638547925,259.320554198462,79.6361095110923,152.541845783218,101.645624266806,181.628903335651,-1.18018942543883,0.328163179867797,12.6647179055568,0.000372620746570947,0.00419014439251564,0.441293552626319,2.37777101097349
"WBGene00008629",259.886990529519,342.194271538563,288.392365207258,100.872405380717,70.2616986637854,84.8519993879421,191.076621784631,-1.79715131787807,0.287885099096544,37.4181976778722,9.53285002967794e-10,6.93714315595814e-08,0.287742191248138,7.15881934323995
"WBGene00008793",263.560304883293,171.661812785022,177.919483373833,102.642096703186,104.468051960628,99.8778742795568,153.35493733092,-1.00050766790498,0.302278253992446,10.8159451728582,0.00100629638065435,0.00882839389271379,0.499824086664265,2.05411829834502
"WBGene00008936",1149.7473927313,947.528032412062,1067.516900243,430.034991359898,431.73964836826,418.956746977964,740.92061868208,-1.30543157769737,0.209635435663107,37.6990100751857,8.25464405838006e-10,6.11472938118297e-08,0.404600055330527,7.21362275871921
"WBGene00008953",201.113960869133,133.263775714688,193.036825098407,59.284659302702,86.902627294682,91.9229993369373,127.587474602758,-1.14850971982993,0.336763090017744,11.4292568554948,0.000722965962043717,0.0069313260168312,0.451090960236931,2.15918367351174
"WBGene00009057",1007.40646152255,719.398518053019,820.987942888405,367.210949412259,432.66414440331,448.124621767569,632.632106341185,-1.03018297180215,0.249892613476801,16.6864075062363,4.40958147468798e-05,0.000798704784872487,0.489648044562053,3.09761371379278
"WBGene00009089",30.3048434186364,32.7512669129318,34.8861732105554,0,7.39596828039847,7.07099994899517,18.7348752952529,-2.76250617092576,0.7715599033441,12.2690181746281,0.000460540508058274,0.00493956274568837,0.147367860807391,2.30631149349324
"WBGene00009141",1713.60114603562,1810.35451246309,1791.9864305822,595.501130010724,998.455717853793,1045.62411745766,1325.92050906718,-1.01002934228987,0.290007830206674,11.8986730179151,0.000561739483432873,0.00571038432420162,0.496536148802697,2.24333466158547
"WBGene00009202",35.8148149492976,65.5025338258636,51.1663873754813,5.30907396740615,10.1694563855479,21.2129998469855,31.5292110584303,-2.05144138337336,0.591043282470597,11.6031160227254,0.000658414099147079,0.00643951598804654,0.241242938183614,2.19114677419611
"WBGene00009334",2057.97436670195,1590.13047632441,1682.67642118912,863.609365364734,587.979478291678,733.616244708249,1252.66439209669,-1.28667196143802,0.259497588034731,23.8540107656915,1.03925119277547e-06,3.53966813473361e-05,0.409895494853024,4.45103745379628
"WBGene00009444",1051.48623376784,1438.79703610604,1288.46266390985,236.253791549574,536.207700328889,607.222120619961,859.738257713691,-1.45350235310836,0.386026913731903,13.6347686181884,0.000222035225031639,0.00280412835038047,0.365133931168937,2.55220211175165
"WBGene00009617",183.665717688706,168.273750690581,220.945763666851,91.139103107139,61.0167383132873,74.2454994644493,133.214428821835,-1.33815730064441,0.305626854493546,18.763056539124,1.48006560567115e-05,0.000326861012567938,0.395525523105742,3.48563687824612
"WBGene00009656",462.837608575538,621.144717314224,539.572812323257,122.108701250342,286.593770865441,239.530123272212,378.631288933502,-1.32458051477242,0.367021748167911,12.6276089080774,0.000380091041228683,0.00426254169046614,0.399265268669119,2.3703313602925
"WBGene00009877",134.994302501199,215.706620012758,117.450116475537,78.7512638498579,46.2248017524904,61.8712495537078,109.166392357592,-1.3237970574761,0.385877073207345,11.4885803511562,0.000700251027645216,0.0067606351406612,0.399482149042035,2.1700125015248
"WBGene00009897",4879.99811898891,6445.22345765868,8445.94253427547,423.841071731258,2159.62273787635,2383.810857805,4123.07312972261,-1.99286289952713,0.553758697320694,12.0397489781327,0.000520779842892656,0.00539696500924955,0.251239829495079,2.26785039763593
"WBGene00009902",832.005701129837,580.487972180929,777.961662595386,201.744810761434,275.499818444843,244.833373233958,485.422223057731,-1.60155444670418,0.27287549659384,33.0279738137953,9.08423735603632e-09,5.51700429721927e-07,0.329521739741043,6.25829667776822
"WBGene00010007",3307.81957557359,2344.53896935333,2899.04099379716,718.494676922299,1008.62517423934,1115.45024195399,1898.99493863995,-1.58908507791534,0.280272407509589,30.6898765120387,3.02740432026576e-08,1.61321586988613e-06,0.33238217538631,5.79230751430509
"WBGene00010055",4266.55462190863,3940.31621583514,4214.2497238351,1274.17775217748,1966.40306655094,1919.77648615219,2930.24631107658,-1.2672980995474,0.259070258012436,23.2133089705113,1.44990424574836e-06,4.65067344378974e-05,0.415437081467734,4.33248415426169
"WBGene00010064",572.118710600318,629.050195534587,644.231331954924,38.9332090943118,69.3372026287356,72.4777494772005,337.691399881679,-3.35227546751658,0.313584205549559,99.9843106837589,1.53609085558047e-23,7.4631426009805e-21,0.0979184500805264,20.1270782600777
"WBGene00010084",4139.82527670343,2906.95727703057,2957.18461581475,670.713011215644,1152.84655570711,1395.63861493292,2203.86089190074,-1.63590553148365,0.342889068172473,21.6587902334062,3.25713961670965e-06,9.30876978000461e-05,0.321768380717557,4.03110771032459
"WBGene00010085",2841.30865264428,2333.24542903852,2733.91310726719,237.138637210808,635.128776079218,732.732369714625,1585.57782865911,-2.30089660296508,0.415921305342913,27.8779474575245,1.29214104730487e-07,5.69196745611445e-06,0.20293693908434,5.24473759166406
"WBGene00010158",67.9563155448211,119.711527336923,184.896718015944,0,15.7164325958467,7.07099994899517,65.8919989070883,-4.03547640828061,0.78265614596006,22.3894224566071,2.22596580092516e-06,6.69776485710067e-05,0.0609818442342061,4.17407010359463
"WBGene00010196",573.037039188762,485.622233536575,580.273347735572,88.4845661234359,167.333782344015,290.794872902427,364.257640305131,-1.5841434751918,0.428073341474665,13.1028486258567,0.000294847086176646,0.00349646734856569,0.333522622137199,2.45637052302333
"WBGene00010212",461.000951398651,503.691898040262,433.751420251239,117.68447294417,250.538425498498,251.904373182953,336.428590219295,-1.17339460479556,0.3537158817439,10.7438413319965,0.00104626927979476,0.00910127553076865,0.443376863903673,2.04089773766193
"WBGene00010227",687.828112744203,876.378728428796,959.369763290274,204.399347745137,400.306783176567,449.892371754818,596.362517856633,-1.25858190869262,0.357281569476775,12.0550902099798,0.000516511487043973,0.00536957410602857,0.417954584653664,2.27006015950282
"WBGene00010230",1296.67996688226,1299.88649023395,1351.25777568885,428.26530003743,722.0314033739,814.048869128069,985.361634224076,-1.00702856578531,0.303966400030893,10.769816800962,0.00103168720655788,0.00899577015495902,0.497570008780268,2.04596164946898
"WBGene00010337",1495.95727057451,1956.04118252407,1621.04418185048,787.512638498579,546.377156714437,537.395996123633,1157.38807104762,-1.43862753074722,0.271165350258055,27.1108225711645,1.92119373723238e-07,8.15840600137317e-06,0.368918097780067,5.08839468590682
"WBGene00010422",37.6514721261847,31.6219128814514,23.257448807037,7.07876528987487,11.0939524205977,7.95487494261957,19.7764044112942,-1.83133355145325,0.553152315409998,10.9093287525083,0.000956811899488545,0.0085159352196397,0.281004755064272,2.06976765088097
"WBGene00010467",29.3865148301929,6.77612418888244,10.4658519631666,0.884845661234359,0,0,7.91888944057939,-5.60437491273712,1.50003208632606,16.0875116605408,6.04815682176619e-05,0.00102839971113299,0.0205548846676096,2.98783805401806
"WBGene00010468",127.64767379365,49.6915773851379,32.5604283298517,16.8120675634528,7.39596828039847,9.72262492986837,40.63839004706,-2.6322482859169,0.642934768002443,15.624935597796,7.72294256679432e-05,0.00124331657085906,0.161292550682164,2.90541827805775
"WBGene00010581",224.072175580221,306.05494253119,255.831936877407,75.2118812049205,138.674405257471,106.948874228552,184.465702613294,-1.29255775809949,0.330999442108175,14.8677441234241,0.000115318110671808,0.0016978692201266,0.408226641172392,2.77009576471911
"WBGene00010606",80.8129157830305,112.935403148041,125.590223558,19.4666045471559,46.2248017524904,34.4711247513515,69.9168455900114,-1.67220806773774,0.428009827976287,14.7716432296417,0.000121346624670362,0.00176921879340663,0.313772741761175,2.75221845601425
"WBGene00010808",28.4681862417494,59.8557636684616,86.0525605860367,3.53938264493744,12.0184484556475,12.3742499107416,33.7180985845957,-2.63989122735585,0.638609536644461,16.0790190846123,6.07534161660708e-05,0.00103037544316974,0.160440333210745,2.98700450035593
"WBGene00010922",778.742643000112,950.916094506503,832.616667291923,316.7747467219,424.343680087862,508.228121334028,635.270325490388,-1.03607519313494,0.2735460898166,14.0738161353669,0.000175773782541565,0.00237416771365831,0.487652313707011,2.62448860528722
"WBGene00010953",157.952517212287,147.945378123933,348.861732105554,8.84845661234359,18.4899207009962,33.5872497577271,119.28087575214,-3.42454861995037,0.548863693882659,33.8152814720017,6.06009679922493e-09,3.83550724239067e-07,0.093133975975885,6.41617719286132
"WBGene00010989",640.993354733583,1146.29434195261,987.278701858719,244.217402500683,247.764937393349,176.774998724879,573.887289527304,-2.0523547349776,0.319095317892857,38.5584862740782,5.31372198718162e-10,4.08266853517456e-08,0.241090258728851,7.3890558782666
"WBGene00011000",1129.54416378554,875.249374397316,988.441574299071,282.26576593376,340.214540898329,363.272622379627,663.164673615607,-1.60278022356413,0.242049351900424,42.0203592519458,9.03280476296497e-11,8.38274729659653e-09,0.329241882552614,8.07661362573534
"WBGene00011035",1190.15385062281,1342.8019434302,1376.84096937659,407.913849829039,728.502875619249,776.04224440222,970.375955546686,-1.03161595646353,0.31271239983476,10.6682938761465,0.00108987597713469,0.00934769536152024,0.489161933661922,2.02929544957106
"WBGene00011049",14.6932574150965,14.6816024092453,18.6059590456296,2.65453698370308,1.84899207009962,3.53549997449759,9.3366413163786,-2.57144922302532,0.79578588642781,10.7813578267563,0.00102527443635621,0.00895164292503608,0.168235115844082,2.04809724984648
"WBGene00011089",276.416905121502,215.706620012758,260.483426638814,76.9815725273892,120.184484556475,151.142623909772,183.485938794452,-1.11206697642629,0.337888348337566,10.6296584958092,0.00111288264547017,0.00949081487894773,0.462630736110034,2.02269649755825
"WBGene00011117",464.674265752425,551.124767362439,503.52376667235,148.654071087372,253.311913603647,281.072247972558,367.060172075132,-1.15328186339159,0.316348859380519,12.9901461031631,0.000313134534522727,0.00363249253917199,0.449601307619374,2.43979526903263
"WBGene00011119",1907.36847819721,1544.9563150652,1804.77802742607,575.149679802333,737.747835969747,784.880994338464,1225.81355513317,-1.32555509549472,0.241493782659682,29.1889720939546,6.5651812772946e-08,3.16181427170932e-06,0.398995644928092,5.50006364456851
"WBGene00011155",5026.93069313987,5191.64048271543,5695.74921284335,1365.31685528462,2418.4816276903,3315.41510108511,3835.58899545978,-1.16458087411259,0.352071204756693,10.6593401754074,0.0010951645475768,0.00938331076837195,0.44609383825184,2.02764389992128
"WBGene00011202",49.5897437759505,70.0199499517853,65.1208566597035,17.6969132246872,25.8858889813946,20.3291248533611,41.4404129078137,-1.52956592338382,0.409377351026075,13.776570459734,0.000205887952676697,0.00265086756840714,0.346381570285136,2.57661196813512
"WBGene00011244",226.827161345552,158.109564407257,203.502677061573,30.9695981432026,52.6962739978391,60.9873745600834,122.182108252584,-2.02550235060061,0.364824459090262,29.3333516208755,6.09378037789164e-08,2.97819994267432e-06,0.245619609283623,5.52604614906696
"WBGene00011339",263.560304883293,140.039899903571,167.453631410666,61.0543506251708,96.14758764518,86.6197493751909,135.812587307178,-1.23043768012516,0.37199606940422,10.7053896829114,0.0010682388526557,0.00923886785707826,0.426188130701619,2.03438124453186
"WBGene00011432",13.7749288266529,45.1741612592163,40.7005354123147,0,0.924496035049808,4.41937496812198,17.4989160835593,-4.2104526906382,0.963933323932177,18.8397671005235,1.42171774040291e-05,0.000315727418387676,0.0540166248937464,3.50068770148626
"WBGene00011475",31.22317200708,71.1493039832657,53.492132256185,2.65453698370308,12.0184484556475,12.3742499107416,30.4853072661038,-2.52563112972451,0.634512806755374,15.0447739922482,0.000104990559381186,0.00158823947016954,0.173663788893852,2.79908401530164
"WBGene00011481",4304.20609403482,6451.99958184757,6239.97351492801,2266.97458408243,3004.61211391188,2816.02572968733,4180.63193641534,-1.07135132873802,0.269030987956153,15.511369729023,8.2010489218683e-05,0.00130891910280524,0.475873054329826,2.88308719400765
"WBGene00011599",169.890788862053,154.721502312816,189.548207777351,70.7876528987487,97.0720836802299,71.5938744835761,125.602351669129,-1.10302237044554,0.294887995041473,13.7932677576768,0.000204066162044793,0.00263562856201559,0.465540191187705,2.57911579469767
"WBGene00011601",1197.50047933036,1460.25476270417,1407.07565282574,432.689528343601,835.744415685027,727.429119752878,1010.11565977363,-1.02615433700103,0.313503440400644,10.5039114118327,0.00119122116271141,0.0099285406314559,0.491017266650508,2.00311458255028
"WBGene00011668",443.552708218224,318.477836877475,376.770670673999,81.405800833561,35.1308493318927,28.2839997959807,213.936977621855,-2.97481237795037,0.434314303328806,41.5512527843193,1.14820879511009e-10,1.03646235444937e-08,0.127201502953834,7.98444646737795
"WBGene00011673",3762.39222685314,5126.13794888957,5293.39534848161,1217.54762985848,598.148934677226,1813.71148691726,2968.55559594621,-1.96613981062659,0.411474276008083,21.2730990150703,3.98281763328834e-06,0.000110575066360152,0.25593692122673,3.95634279132224
"WBGene00011689",975.264960927027,1528.01600459299,1434.98459139418,73.4421898824518,501.076850996996,440.16974682495,825.492390769766,-1.95654325548335,0.58244521404549,10.5259446429275,0.00117710228532249,0.00987534416010267,0.257645043641332,2.00544776008338
"WBGene00011691",372.841406908072,574.841202023527,508.175256433758,36.2786721106087,155.315333888368,180.310498699377,304.627061677285,-1.96879368182204,0.527266523803146,13.0351038441609,0.000305706272910848,0.00358153327816617,0.25546655204759,2.44593100919703
"WBGene00011706",92.7511874327964,94.8657386443542,98.8441574299071,27.4302154982651,37.9043374370421,43.3098746875954,65.85091852166,-1.3984983618331,0.345734010217807,16.1237809602114,5.93342860174733e-05,0.00101633199634951,0.379323757731062,2.99296440166791
"WBGene00011753",3126.90884365021,1677.0907367484,2487.3841499126,14.1575305797497,150.692853713119,176.774998724879,1272.16818555483,-4.41589598920358,0.670832437010987,32.8982717143879,9.71095607268719e-09,5.83328303144435e-07,0.0468471148660378,6.23408695104943
"WBGene00011803",707.113013101517,618.886009251263,539.572812323257,372.520023379665,228.350520657303,216.549373437977,447.165292025164,-1.19068543757424,0.312227391663458,14.1902493895924,0.000165224479013192,0.00226126194599744,0.438094668431634,2.64564912579622
"WBGene00011811",117.546059320772,146.816024092453,163.965014089611,38.9332090943118,49.9227858926896,61.8712495537078,96.5090570072574,-1.50486541090776,0.3384017089702,19.2959035550308,1.11946268739319e-05,0.000261192148771866,0.352363059219587,3.58303988174727
"WBGene00011812",53.2630581297246,65.5025338258636,79.0753259439256,8.84845661234359,22.1879048411954,30.0517497832295,43.1548381893804,-1.69374092778598,0.510569390795901,10.679551385228,0.00108326328668776,0.00932258530545695,0.309124321300337,2.03046363397687
"WBGene00011879",221.31718981489,98.2538007387954,119.77586135624,49.5513570291241,60.0922422782375,54.8002496047126,100.631783470333,-1.42131536495501,0.406040020801735,11.92815178356,0.000552920037267794,0.00564853809253351,0.373371738412155,2.24806393810945
"WBGene00011979",118.464387909215,155.850856344296,163.965014089611,53.0907396740615,73.0351867689348,61.8712495537078,104.379572389971,-1.21967741004745,0.316349596915966,14.6162948217615,0.000131770231598585,0.00188394278561203,0.429378717561365,2.72493229064627
"WBGene00012058",41.3247864799588,35.0099749758926,47.6777700544258,4.42422830617179,12.0184484556475,11.4903749171172,25.3242638648689,-2.15243636659149,0.545377759814661,15.3205702579823,9.07232255847004e-05,0.00142440605194402,0.224932437682266,2.84636618978555
"WBGene00012111",500.489080701723,547.736705267997,523.292598158332,145.999534103669,269.028346199494,251.904373182953,373.075106269028,-1.23667293312776,0.309443436146994,15.5615926393718,7.98604587809547e-05,0.00127830902965367,0.424350142451834,2.89336414332199
"WBGene00012212",51.4264009528376,23.7164346610886,52.3292598158331,7.07876528987487,7.39596828039847,15.0258748916147,26.1621173152746,-2.11152536641909,0.588074002010607,12.5421024202162,0.000397884373452292,0.00442007529593706,0.23140222372034,2.35457033238587
"WBGene00012213",599.668568253624,442.70678034032,509.338128874109,60.1695049639364,119.259988521425,175.007248737631,317.691703281841,-2.13053067289543,0.406817570401782,25.4704524842229,4.4921014724394e-07,1.68647782325515e-05,0.228373843345218,4.77301936529674
"WBGene00012231",660.278255090897,526.27897866987,493.057914709183,143.344997119966,113.713012311126,123.742499107416,343.40260950141,-2.14149266437377,0.262028653056903,62.7022997819839,2.40434748206295e-15,4.27068989851591e-13,0.226645172201254,12.369501962231
"WBGene00012324",414.166193388031,385.109724734819,423.285568288073,147.769225426138,209.860599956306,185.613748661123,294.300843409082,-1.17064001047888,0.254454086340247,20.7371674047359,5.26834404054032e-06,0.000139691452978629,0.444224229464374,3.85483016538026
"WBGene00012492",107.444444847893,128.746359588766,136.056075521166,19.4666045471559,32.3573612267433,38.8904997194735,77.1602242418663,-2.0358742590839,0.378420762962093,27.8814802588806,1.28978392430208e-07,5.69196745611445e-06,0.243860118562674,5.24473759166406
"WBGene00012498",96.4245017865705,136.651837809129,138.38182040187,19.4666045471559,40.6778255421916,51.264749630215,80.4778899528553,-1.73608559873801,0.433072258506505,15.4726579965817,8.37073976486231e-05,0.00132702735293436,0.30018304572518,2.87712012528475
"WBGene00012557",4104.01046175413,3883.84851426112,4361.93452375978,478.701502727788,1361.78265962837,1651.07848809037,2640.22602503693,-1.82255772684281,0.433126127143943,16.6514136714021,4.49168207171121e-05,0.000807921149954547,0.282719299036751,3.09263102265441
"WBGene00012566",262.641976294849,225.870806296081,218.620018786147,72.5573442212174,134.976421117272,103.413374254054,169.679990161604,-1.18675806034878,0.32470667955375,13.0875340214871,0.000297267426853544,0.00351759357033933,0.439288896596856,2.45375434121616
"WBGene00012581",9.18328588443528,7.90547822036285,12.7915968438703,0,0,0,4.98006015811141,-5.91311521842614,1.53405561255249,15.3827881563784,8.77842722345907e-05,0.0013863368958348,0.016594911911186,2.85813121833688
"WBGene00012608",8763.60971951659,8175.39383388667,8494.78317677025,2904.06346017117,1662.24387101955,1596.27823848566,5266.06204997498,-2.04511836821842,0.30658495138453,41.2400980906493,1.34632137346048e-10,1.20215582530777e-08,0.242302573316645,7.92003923475832
"WBGene00012615",11131.9791491125,9875.07165126468,9361.12314483237,3249.15326805257,2608.00331487551,3038.76222808068,6544.01545936971,-1.77135476430372,0.213874797962108,64.7397986751516,8.54709721315551e-16,1.64173835888507e-13,0.292933528570899,12.7846960544921
"WBGene00012664",3109.46060046979,8716.35441496578,5048.02926356737,2708.51256903837,811.707518773732,721.241994797508,3519.21772693543,-1.99209388083086,0.56231800626847,11.6681847065515,0.000635780154284913,0.00626637969488811,0.251373786862324,2.20298329371879
"WBGene00012807",600.586896842068,773.607511564079,787.264642118201,194.666045471559,382.741358510621,378.298497271242,519.527491962961,-1.17719658852169,0.339349989675238,11.735904002636,0.000613057988088406,0.00611540151282148,0.442209955917933,2.21357502365169
"WBGene00012851",20.2032289457576,27.1044967555298,29.0718110087962,2.65453698370308,1.84899207009962,0.883874993624397,13.6278234595851,-3.82256102506007,0.822330133972508,24.3360049310675,8.09124550767384e-07,2.89305810695377e-05,0.0706796631746913,4.53864284347751
"WBGene00013007",411.411207622701,443.8361343718,497.709404470591,35.3938264493744,64.7147224534866,31.8194997704783,247.480799189738,-3.3601389606853,0.348429001359628,81.7684105084237,1.53004650955709e-19,5.05496765827472e-17,0.0973861917476241,16.2962816186838
"WBGene00013101",32.1415005955235,51.9502854480987,54.6550046965368,16.8120675634528,1.84899207009962,4.41937496812198,26.9712042236389,-2.5812034283138,0.727357081133192,11.8512708376725,0.000576220091200744,0.0057863706301186,0.167101497990274,2.23759375225385
"WBGene00013141",149.687559916295,155.850856344296,145.359055043981,51.3210483515928,87.8271233297318,71.5938744835761,110.273252911579,-1.09821234196944,0.320296763975014,11.5877077534381,0.000663891952728826,0.00647392630881197,0.467094919372441,2.18883224837776
"WBGene00013238",5108.66193751135,6813.3928719213,6970.25740746898,2206.80507911849,3109.0801658725,3122.73035247499,4555.15463572793,-1.16266924594336,0.266646972061764,18.5254131887778,1.67653927180031e-05,0.000358740313871365,0.446685322069868,3.44521981622034
"WBGene00013248",292.028491125042,385.109724734819,391.888012398573,131.842003523919,195.06866339551,173.239498750382,261.529398988041,-1.09521871499601,0.28733192340249,14.2559009185255,0.00015955974972953,0.00220013982118707,0.468065158872426,2.65754971843214
"WBGene00013251",171.72744603894,203.283725666473,180.245228254536,78.7512638498579,93.3740995400306,101.645624266806,138.171231269441,-1.01953644197038,0.274237205116012,13.6583208277584,0.000219267494822477,0.00277584053472326,0.493274822863364,2.55660548666061
"WBGene00013252",213.052232518899,252.975303051611,233.737360510721,77.8664181886236,134.051925082222,117.555374152045,171.539768917354,-1.08667647435497,0.310377735349994,12.0494016667095,0.000518090062550819,0.00537841334408505,0.470844807799043,2.26934582424788
"WBGene00013297",4224.31150684023,2926.15629556574,3665.37393198902,193.781199810325,676.731097656459,829.958619013309,2086.05210847918,-2.66920177076804,0.485635246809884,26.7277537075689,2.34232905918297e-07,9.60122425028374e-06,0.157213632540194,5.01767338662254
"WBGene00013311",11549.8186568543,21252.1841643983,22488.7901239644,5344.46779385553,8197.50634278665,7530.61494567986,12727.2303379232,-1.3916491569956,0.340598069088252,16.0865461945579,6.05124111157614e-05,0.00102839971113299,0.381128881462925,2.98783805401806
"WBGene00013373",1197.50047933036,1175.6575467711,1150.08084350798,374.289714702134,625.88381572872,692.957995001527,869.395065840304,-1.05729232526737,0.299441748581397,12.2125403711267,0.000474693522860493,0.00503303100393613,0.480533086584061,2.29817039430048
"WBGene00013392",2772.43400851101,2192.07617510347,2812.98843321112,325.623203334244,1086.28284118352,1158.76011664158,1724.69412966416,-1.59721561137889,0.455441986927801,11.7251726010713,0.000616603297431788,0.00613964428588047,0.330514252100786,2.21185678995889
"WBGene00013393",7588.14912630887,7174.78616199503,8654.09670109845,258.374933080433,680.429081796659,848.519993879421,4200.72599969314,-3.71171141318164,0.421866727521535,62.5636183036688,2.57975276187589e-15,4.48578272351872e-13,0.0763244229288667,12.3481617660322
"WBGene00013394",8413.72652731961,8979.49390430072,10178.6224703997,471.622737437913,1421.8749019066,1567.99423868968,5172.22246334237,-2.9937469417108,0.43342972702765,41.0554849230215,1.47968334789966e-10,1.30015368212524e-08,0.125542962042771,7.88600530972841
"WBGene00013500",10.1016144728788,7.90547822036285,15.117341724574,0,0.924496035049808,0.883874993624397,5.82213424108165,-4.20115471380181,1.3255007521744,12.2363918895135,0.00046866369241184,0.00499142724836887,0.054365879065485,2.30177525448421
"WBGene00013501",10.1016144728788,7.90547822036285,15.117341724574,0,0.924496035049808,0.883874993624397,5.82213424108165,-4.20115471380181,1.3255007521744,12.2363918895135,0.00046866369241184,0.00499142724836887,0.054365879065485,2.30177525448421
"WBGene00013508",18.3665717688706,62.1144717314224,36.0490456509073,0.884845661234359,8.32046431544827,3.53549997449759,21.5451498503967,-3.19730058237638,0.80115541203721,14.9834423364176,0.000108458665138108,0.00162133731214233,0.109022621228713,2.79012662268237
"WBGene00013647",1267.29345205207,1063.85149765454,1283.81117414844,238.908328533277,355.930973494176,496.737746416911,784.422195383236,-1.72758859921691,0.326137898072097,26.6169046362297,2.480637585139e-07,1.01179388318299e-05,0.301956241828022,4.99490795045414
"WBGene00013659",121.219373674546,202.154371634993,179.082355814185,7.96361095110923,40.6778255421916,38.0066247258491,98.1840270571455,-2.53605479364436,0.549237253262785,19.5022463478792,1.00481448594433e-05,0.000240210282102958,0.172413566826398,3.61940840673742
"WBGene00013698",42.2431150684023,51.9502854480987,43.0262802930184,0.884845661234359,15.7164325958467,6.18712495537078,26.6680140036619,-2.59591872385966,0.730333621047746,11.8677847788952,0.000571133055014541,0.00576353758268552,0.165405748078437,2.23931087056174
"WBGene00013699",13.7749288266529,41.7860991647751,33.7233007702036,0,0,5.30324996174638,15.7645964538963,-4.05963598034837,1.06699202775137,13.6773103684495,0.000217061276840239,0.00275910464068491,0.0599691369133854,2.55923182833188
"WBGene00013721",10.1016144728788,20.3283725666473,18.6059590456296,0,0,0.883874993624397,8.31997017979668,-5.66217134538642,1.41016738626196,20.9441039125948,4.72881005943536e-06,0.000127340192691657,0.0197477028873271,3.89503449729564
"WBGene00013826",112.954416378554,166.01504262762,94.1926676684997,49.5513570291241,61.0167383132873,24.7484998214831,84.7464536397613,-1.46418633645809,0.4414547181175,10.680696100382,0.0010825931553014,0.00932258530545695,0.362439892970744,2.03046363397687
"WBGene00013867",2899.16335371622,3034.57428258785,3121.14962990436,282.26576593376,806.160542563433,923.649368337495,1844.49382384052,-2.17004095384945,0.425123831317342,23.9501757079323,9.88612693260268e-07,3.38815209127933e-05,0.222204362476814,4.47003710279209
"WBGene00013935",23.8765432995317,21.4577265981277,38.374790531611,7.07876528987487,4.62248017524904,5.30324996174638,16.7855926426901,-2.29430673414959,0.624752775760166,13.4831550899206,0.000240714699905844,0.00299388735994207,0.203866024381638,2.52376454329685
"WBGene00014030",1002.81481858033,889.930976806561,684.931867367238,281.380920272526,347.610509178728,403.046997092725,601.619348216352,-1.32100941225056,0.277882839771457,21.9262097035826,2.83337614523911e-06,8.25476905523896e-05,0.400254794027362,4.08329507254514
"WBGene00014092",914.655274089754,660.672108416038,786.101769677849,330.93227730165,285.669274830391,396.859872137354,562.481762742173,-1.22061458369894,0.264422720308141,20.7742109358824,5.16741408608305e-06,0.000137456543136885,0.429099884032903,3.86183458226206
"WBGene00014144",11.0199430613223,7.90547822036285,23.257448807037,0,0,1.76774998724879,7.32510334599516,-4.55683753646963,1.36269687265299,13.1568872926013,0.000286464358394701,0.00342409894089874,0.0424869167902524,2.46545369467668
"WBGene00014166",143.25925979719,213.447911949797,193.036825098407,61.0543506251708,86.902627294682,81.3164994134445,129.836245696449,-1.26033949160031,0.319623956858237,15.2308575993214,9.51361404191206e-05,0.00147003443606531,0.417445715812375,2.83267249163415
"WBGene00014224",583.138653661641,697.940791454892,697.723464211109,252.181013451792,274.575322409793,348.246747488012,475.634332112873,-1.17674928267867,0.251842462273001,21.3359236271705,3.85440495929704e-06,0.000108100026354207,0.442347083834083,3.96617420016801
"WBGene00014516",452.73599410266,788.289113973324,591.90207213909,76.0967268661549,214.483080131555,180.310498699377,383.96958098536,-1.96068913273975,0.427729791154971,19.6718048177906,9.19480683835866e-06,0.000224025094635467,0.256905711092601,3.64970333054406
"WBGene00014576",526.202281178142,574.841202023527,584.924837496979,241.56286551698,285.669274830391,268.697998061817,413.649743184639,-1.08264463965635,0.219900219704459,23.8075807915427,1.06462340319682e-06,3.60379385192794e-05,0.47216249691209,4.44324005996011
"WBGene00014915",539.977210004795,580.487972180929,523.292598158332,191.126662826621,277.348810514942,260.743123119197,395.496062800803,-1.17277119523859,0.25596473383243,20.5318521471509,5.86471687953421e-06,0.000152086747461579,0.443568494909851,3.81790862786062
"WBGene00014954",404.982907503596,476.587401284732,587.250582377683,185.817588859215,212.634088061456,230.691373335968,349.660656903775,-1.22236832662491,0.266246188032423,20.5797166090835,5.71989445858359e-06,0.000149033022967417,0.428578586280359,3.82671748928249
"WBGene00014955",260.805319117962,352.358457821887,320.95279353711,96.4481770745451,139.598901292521,164.400748814138,222.427399609694,-1.22126956996336,0.312362381940856,14.9367233633205,0.000111177651103993,0.00165603572460493,0.428905116093627,2.78093029869157
"WBGene00015037",216.725546872673,490.139649662497,453.520251737221,81.405800833561,82.2801471194329,65.4067495282054,231.579690958932,-2.33956769831808,0.382879650540455,34.4268839342888,4.42567854881123e-09,2.84466085400049e-07,0.197569520545318,6.54596950361543
"WBGene00015043",1056.07787671006,711.493039832657,594.227817019794,241.56286551698,356.855469529226,428.679371907832,564.816073419424,-1.20190485062554,0.346851279880956,11.6990593861806,0.000625316999993412,0.0061920278486776,0.434700948722908,2.20816709907907
"WBGene00015044",785.170943119217,889.930976806561,980.301467216608,320.314129366838,171.031766484215,263.39474810007,568.357338515585,-1.81430524832782,0.307898423276778,32.8413938258029,9.99927745697258e-09,5.9631070148639e-07,0.284341139131173,6.2245273966667
"WBGene00015355",119.382716497659,101.641862833237,153.499162126444,23.0059871920933,32.3573612267433,29.1678747896051,76.5091607776302,-2.14765091936297,0.361724768833111,34.0545284933965,5.35890449127396e-09,3.41790514638435e-07,0.225679781700965,6.46623999397733
"WBGene00015385",113.872744966998,172.791166816502,133.730330640462,60.1695049639364,68.4127065936858,73.3616244708249,103.723013075402,-1.05594650365213,0.31728720867019,10.9331325546049,0.000944596473969039,0.00844818037547079,0.480981562203366,2.0732368221735
"WBGene00015449",734.662870754823,444.96548840328,707.026443733923,25.6605241757964,157.164325958467,77.7809994389469,357.876775410873,-2.85677853293096,0.556855805353724,23.0898434493422,1.54605216322295e-06,4.91139147774614e-05,0.138046045617245,4.30879544769513
"WBGene00015569",171.72744603894,238.293700642366,198.851187300166,56.630122318999,111.864020241027,74.2454994644493,141.935329334324,-1.32683272463568,0.355954022775232,13.5419320556202,0.000233292112539085,0.00292030057862439,0.398642456767328,2.5345724454969
"WBGene00015577",1866.04369171725,1919.90185351669,1791.9864305822,634.434339105035,1129.73415483087,954.584993114349,1382.78091047773,-1.03688132746746,0.284632147894756,13.0047144425498,0.000310707721204209,0.00361959157022026,0.487379904464706,2.44134043189965
"WBGene00015623",248.867047468196,229.258868390523,225.597253428258,2.65453698370308,0,1.76774998724879,118.024242709655,-7.29563794150886,0.715534541424753,199.019762167167,3.41778152835781e-45,1.41145832667357e-41,0.00636493747964734,40.8503319398783
"WBGene00015624",93.6695160212399,144.557316029492,127.915968438703,13.2726849185154,25.8858889813946,41.5421247003466,74.4739165149487,-2.18015437990438,0.467323600564029,20.5857888705759,5.70178018100759e-06,0.000149033022967417,0.220652136266512,3.82671748928249
"WBGene00015695",833.842358306724,455.129674686604,417.471206086313,213.24780435748,188.597191150161,193.568623603743,383.642809698504,-1.52005110250023,0.344378828862477,18.735112513244,1.50191306660662e-05,0.000331243016652532,0.348673565809337,3.47985326886265
"WBGene00015710",114.791073555441,105.029924927678,93.0297952281478,14.1575305797497,2.77348810514942,7.07099994899517,56.1421353908602,-3.69885985874665,0.522917741903452,47.4414785537024,5.66707633468745e-12,6.19963138892066e-10,0.0770073596075833,9.20763413155283
"WBGene00015746",1664.92973084812,1889.40929466672,1589.64662596098,531.79224240185,996.606725783693,959.888243076095,1272.04547712291,-1.04778277638773,0.311956864451366,11.0496597382735,0.00088703476663705,0.0080466377320579,0.48371099068892,2.09438555061908
"WBGene00015894",1251.68186604853,806.358778477011,838.431029493682,5.30907396740615,0.924496035049808,6.18712495537078,484.815394829508,-7.8539269769912,0.516353676976514,236.726909080127,2.03425543144994e-53,1.68019327360608e-49,0.00432247406499862,48.7746407582547
"WBGene00015976",1403.20608314171,1642.08076177251,1438.47320871524,344.204962220166,827.423951369578,737.151744682747,1065.42345198366,-1.23211053652502,0.362859850027353,11.2055987011716,0.000815509112492039,0.00755566642446578,0.425694236749586,2.12172722401803
"WBGene00016003",99.1794875519011,50.8209314166183,75.5867086228701,28.3150611594995,13.8674405257471,11.4903749171172,46.5433340322922,-2.07286590952073,0.507504295099203,16.0226092659327,6.25905575468707e-05,0.00104967859910331,0.237686865952929,2.97894365712351
"WBGene00016027",2126.84901083521,2030.57854860177,1921.06527146125,540.640699014193,472.417473910452,568.331620900487,1276.64710412056,-1.94249476861734,0.206941975903456,82.7224714849615,9.44216931996076e-20,3.24948322909233e-17,0.260166160792642,16.4881857001283
"WBGene00016048",1282.90503805561,1657.89171821324,1338.46617884498,642.397950056145,445.607088894008,534.74437114276,983.668724201123,-1.39865804843817,0.258290648355513,28.3165144223942,1.0301339698983e-07,4.67749849223352e-06,0.37928177410375,5.32998634382042
"WBGene00016084",5576.0911890291,6931.97504522674,7613.32586698355,342.435270897697,1848.06757406457,2168.14535936065,4080.00671759372,-2.20677713022112,0.558727600223171,14.2861713010318,0.00015701415717163,0.00217411304469251,0.216617674951517,2.66271787818451
"WBGene00016139",1770.53751851912,2329.85736694408,1965.25442419462,780.433873208704,1175.95895658336,938.675243229109,1493.45289711317,-1.06702997820139,0.264493981744697,15.9308256383896,6.56999441329694e-05,0.00109256514196195,0.477300588991931,2.96155265966536
"WBGene00016145",1112.09592060511,1235.51331043957,1081.47136952722,367.210949412259,697.994506462605,589.544620747473,847.305112865706,-1.05131851887185,0.304944206978917,11.645070172688,0.00064372905633189,0.00632961921520624,0.482526968149849,2.19862241600302
"WBGene00016230",150.605888504739,182.955353099826,200.014059740518,26.5453698370308,64.7147224534866,71.5938744835761,116.071544686529,-1.71178745972315,0.420145991905731,15.9179694071454,6.61477132128874e-05,0.00109818499956149,0.305281599456853,2.9593244927448
"WBGene00016274",1030.36467623364,933.975784034297,610.50803118472,210.593267373777,300.461211391188,263.39474810007,558.216286386282,-1.73385423137513,0.307251772156047,30.2585070270874,3.78129110342963e-08,1.93984930861969e-06,0.300647687865163,5.71223200562483
"WBGene00016361",26.6315290648623,27.1044967555298,39.5376629719628,0.884845661234359,3.69798414019923,1.76774998724879,16.6040447635062,-3.88464414386352,0.778846581605776,27.3589126382212,1.68983792050415e-07,7.25050197631377e-06,0.0677026378645116,5.13963192473986
"WBGene00016453",179.992403334932,342.194271538563,270.949278601981,20.3514502083903,84.1291391895325,61.8712495537078,159.914632071184,-2.25355698363455,0.509551576778332,18.0680046338067,2.13153356680416e-05,0.000433630578695049,0.209706431940876,3.36288009987772
"WBGene00016455",26.6315290648623,25.9751427240494,19.7688314859814,5.30907396740615,3.69798414019923,7.07099994899517,14.7422602219156,-2.16967801097747,0.631461938823164,11.8902087717147,0.000564297961505876,0.00572582188336337,0.222260270088892,2.24216216596786
"WBGene00016520",81.731244371474,109.547341053599,100.007029870259,14.1575305797497,47.1492977875402,29.1678747896051,63.6267197420379,-1.68779842287442,0.475570820525585,12.1547309186007,0.000489635068014876,0.00514760265461314,0.310400239785379,2.28839498382844
"WBGene00016534",9149.30772666287,15989.3943776996,21199.1645876142,780.433873208704,1626.18852565261,1790.73073708303,8422.53663798683,-3.46463057262613,0.423288534189759,55.2936578260502,1.03802974253977e-13,1.42893444308454e-11,0.09058207681999,10.8449876953936
"WBGene00016627",3711.88415448874,4218.13730757932,4766.61413300222,522.943785789506,1720.48712122769,2046.17061024048,2831.03951872133,-1.56552349944985,0.464501674301065,10.8458096407303,0.000990195754590097,0.00872375662403936,0.337855091181078,2.05929645890158
"WBGene00016638",20932.3818449818,29177.9907573278,36357.2068476005,1859.06073425339,6358.68372907258,6497.36507813294,16863.7814985615,-2.55485886046261,0.472232644895979,26.0978163361552,3.24550858328067e-07,1.27648943540984e-05,0.170180912627154,4.89398277518969
"WBGene00016823",228.663818522439,483.363525473614,391.888012398573,15.0423762409841,69.3372026287356,61.8712495537078,208.361030803009,-2.91632582395961,0.539524437125554,25.7197007515071,3.94776431712049e-07,1.50607664560077e-05,0.132464178311755,4.82215292593448
"WBGene00016864",43.1614436568458,41.7860991647751,54.6550046965368,1.76969132246872,11.0939524205977,12.3742499107416,27.4734068619943,-2.4688797348121,0.629209401471457,14.7549556247062,0.000122425333096751,0.00178169158071823,0.180631356809342,2.74916747223223
"WBGene00016893",329.679963251227,271.044967555298,367.467691151184,128.302620878982,129.429444906973,190.033123629245,235.992968562151,-1.11227691967839,0.297499651197503,13.7164292504496,0.000212586654445112,0.00271094468949844,0.462563418255691,2.56687934309479
"WBGene00016943",24760.8937302029,19325.5061866927,21645.7076047093,6947.80813201218,5226.17608613657,5022.17771377382,13821.3782422546,-1.93451857356633,0.246876092619733,57.3131931515559,3.71653804611977e-14,5.24730700716688e-12,0.261608518983326,11.2800635255448
"WBGene00016983",179.992403334932,207.801141792395,177.919483373833,57.5149679802333,101.694563855479,100.761749273181,137.614051601675,-1.12191525958846,0.332085806476904,11.2155552180984,0.000811145379160289,0.00754505016263543,0.459483429890408,2.12233786850823
"WBGene00017069",254.377018998857,248.45788692569,253.506191996703,118.569318605404,111.864020241027,135.232874024533,187.001218465369,-1.04829281697807,0.24499616011534,18.0739843443051,2.12484962308627e-05,0.000432803833831838,0.483540013020799,3.36370890084826
"WBGene00017089",195.603989338472,146.816024092453,129.078840879055,77.8664181886236,62.865730383387,69.8261244963273,113.676187896386,-1.16523441088932,0.315175691699775,13.464735116669,0.000243089480320034,0.00301019124843077,0.445891804767444,2.52140591121692
"WBGene00017105",130.402659558981,107.288632990639,136.056075521166,2.65453698370308,14.7919365607969,12.3742499107416,67.2613485876712,-3.65182495861702,0.515064554870811,46.3239119167255,1.00233216934116e-11,1.08219118335599e-09,0.0795593357589217,8.96569600859918
"WBGene00017186",176.319088981157,179.567291005385,177.919483373833,61.0543506251708,52.6962739978391,37.1227497322247,114.113206285935,-1.82316286299615,0.314068710638248,32.6081228500143,1.1274257646551e-08,6.62773886346535e-07,0.282600737740791,6.17863461135563
"WBGene00017235",137.749288266529,163.756334564659,150.010544805388,68.1331159150456,83.2046431544827,74.2454994644493,112.849904361759,-1.00051446413278,0.280402583412112,12.6027550420049,0.000385178590051556,0.00431373907055028,0.499821732105428,2.36514612804371
"WBGene00017237",1484.01899892474,1752.75745685759,1628.02141649259,517.6347118221,918.949058839509,947.513993165353,1208.14927268365,-1.02891006579639,0.306530363813142,11.0442832737532,0.000889610886150962,0.00806115316968061,0.490080257165215,2.09360282675498
"WBGene00017259",29.3865148301929,29.3632048184906,23.257448807037,6.19391962864051,9.24496035049808,5.30324996174638,17.1248830661009,-1.98830897140009,0.580973934229359,11.7275507898532,0.000615815838903056,0.00613550171461978,0.252034131644637,2.21214991818851
"WBGene00017301",5989.33905382869,6516.37276164195,6891.18208152505,1647.58262121838,1995.06244363749,1921.54423613944,4160.1805329985,-1.80156356162537,0.206438822283058,71.7927813029209,2.39025079469176e-17,5.70946925760019e-15,0.286863523745601,14.2434042611427
"WBGene00017356",1104.74929189756,1141.77692582669,1147.75509862727,399.95023887793,621.261335553471,654.067495282054,844.926731010831,-1.01872897571104,0.273908204423868,13.5729289177274,0.00022947103775015,0.00288260994113667,0.493550982584707,2.54021411996788
"WBGene00017376",132.239316735868,135.522483777649,87.2154330263886,50.4362026903584,39.7533295071417,38.8904997194735,80.6762109094799,-1.46075624672986,0.352369509392287,16.8351191511076,4.07717637271284e-05,0.000748343072231594,0.363302639692478,3.12589925745749
"WBGene00017413",168.054131685166,219.094682107199,188.385335336999,24.775678514562,61.9412343483371,67.1744995154542,121.570926917953,-1.90301365711657,0.418785386663189,19.6261964134214,9.4169172317272e-06,0.000228425926212778,0.267384240795335,3.64125460545184
"WBGene00017436",704.358027336186,495.786419819899,624.462500468942,121.223855589107,187.672695115111,205.05899852086,389.760416141684,-1.82839190981024,0.310179310265299,32.92608642888,9.57300623405184e-09,5.77140474380666e-07,0.281578305654938,6.23871846791312
"WBGene00017484",16.5299145919835,85.8309063925109,87.2154330263886,13.2726849185154,7.39596828039847,17.6774998724879,37.9870678470475,-2.2997562707809,0.687140876049222,10.5113529347023,0.00118643357850705,0.00992121792055054,0.203097407511858,2.00343501093985
"WBGene00017485",187.33903204248,159.238918438737,212.805656584388,28.3150611594995,11.0939524205977,17.6774998724879,102.745020086365,-3.28957307160472,0.407082379648901,60.1933503681225,8.5982188602363e-15,1.37897065390528e-12,0.102268016424627,11.860444976016
"WBGene00017490",7989.4587194587,13575.964812426,10536.7871820281,414.10776945768,111.864020241027,296.098122864173,5487.38010441261,-5.28698228334677,0.46065397008668,91.9993159323486,8.67064485411195e-22,3.7692205880283e-19,0.0256129585202298,18.4237484453681
"WBGene00017498",921.083574208859,1699.67781737801,1233.80765921331,43.3574374004836,7.39596828039847,16.7936248788635,653.686013559988,-5.83196262835522,0.538576662345854,82.593087648638,1.0080898916427e-19,3.3984973306216e-17,0.0175551407282265,16.4687130668618
"WBGene00017499",6330.03896014124,11636.8639403741,8656.42244597915,704.33714634255,193.21967132541,239.530123272212,4626.73538123911,-4.5491226976889,0.501183476861665,61.5688190800962,4.27535762933131e-15,7.06246326789238e-13,0.0427147249356885,12.1510437979468
"WBGene00017501",2290.31149957816,4230.5602019256,3087.42632913416,94.6784857520764,13.8674405257471,30.0517497832295,1624.48261778316,-6.11415161697627,0.584497636835926,72.1604129904502,1.98396050226712e-17,4.87363327396719e-15,0.0144363354586931,14.3121471532564
"WBGene00017556",71.6296298985952,150.204086186894,122.101606236944,9.73330227357795,42.5268176122912,40.6582497067223,72.8089486525041,-1.88747985860341,0.565307238133858,10.5843495071789,0.00114049018481537,0.00966637114569785,0.270278777781339,2.01473653389876
"WBGene00017598",8.26495729599175,7.90547822036285,9.30297952281478,0,0,0,4.2455691731949,-5.68399382765113,1.57194947440795,13.3323025943263,0.000260872987963678,0.00318268898683309,0.0194512431468209,2.49720579867135
"WBGene00017648",2341.737900531,2969.07174876199,3579.32137140299,599.040512655661,1101.99927377937,1353.21261523895,1990.73057039499,-1.54131052858149,0.361249881987827,17.4126813186008,3.00812330291852e-05,0.000582546176329555,0.343573214544177,3.23466964398385
"WBGene00017691",4362.06079510676,6601.07431400298,6676.05068005996,1075.08747839975,763.633724951142,833.494118987806,3385.23351858473,-2.72254139935515,0.285655289174329,80.1344367388805,3.49782883969112e-19,1.07001175190477e-16,0.151507235678246,15.9706114524462
"WBGene00017703",117.546059320772,71.1493039832657,139.544692842222,43.3574374004836,32.3573612267433,45.0776246748442,74.8387465747217,-1.44170422600113,0.39438390550294,13.0578454763459,0.00030201665093471,0.00355089897280461,0.368132180393154,2.44966168370448
"WBGene00017755",110.199430613223,149.074732155414,177.919483373833,28.3150611594995,64.7147224534866,36.2388747386003,94.4103840823427,-1.75794731648591,0.419333062683897,16.8707975793357,4.00124682766351e-05,0.000736862835520328,0.295668546919143,3.13261334704006
"WBGene00017874",2775.18899427634,2266.61354118118,2166.43135637549,939.706092230889,1126.96066672572,1182.62474146944,1742.92089870984,-1.14972262604247,0.232988451600547,23.7624763527512,1.08986601022443e-06,3.66669992319703e-05,0.450711877281529,4.43572463054449
"WBGene00017881",3604.43970964085,2940.83789797498,3106.03228817979,1697.1339782475,1273.95553629864,1198.53449135468,2303.48898361607,-1.21087217303223,0.248244425925577,23.1466616791997,1.50103569149813e-06,4.77757390902843e-05,0.432007369111178,4.32079258568898
"WBGene00017962",829.250715364506,413.343575521829,576.784730414517,296.42329651351,151.617349748169,205.942873514484,412.227090179502,-1.47647482225402,0.381597689336778,14.4102243583846,0.000147002000806082,0.00205268474329305,0.359365838648029,2.68767774559361
"WBGene00018138",12137.5489534581,8026.31910173125,9326.23697162182,1278.60198048365,1368.25413187372,1301.06399061511,5573.00418829728,-2.90113639777374,0.246644121561069,120.23548405301,5.61798100551492e-28,4.884390959479e-25,0.133866196090823,24.3111895812651
"WBGene00018162",49.5897437759505,7.90547822036285,6.97723464211109,0,0,0,10.7454094397374,-7.03224779172322,1.58454074207665,19.0541754429515,1.2705946084513e-05,0.000288730992994431,0.00763980858962277,3.53950659553038
"WBGene00018167",14.6932574150965,4.51741612592163,4.65148976140739,0,0,0,3.97702721707091,-5.60059989530421,1.69210723405224,10.7230705592057,0.00105807941728503,0.00918059167965729,0.0206087398855257,2.03712932806569
"WBGene00018169",61.5280154257164,12.4228943462845,16.2802141649259,0,0.924496035049808,0,15.1926033286628,-6.55458831437673,1.44636296268051,25.0314155706516,5.64037799971414e-07,2.06592913918576e-05,0.0106383018343476,4.68488457874494
"WBGene00018170",78.0579300176999,10.1641862833237,16.2802141649259,0,0,0.883874993624397,17.5643675765956,-6.76560716245422,1.48592458640477,23.7499553457596,1.09697920561131e-06,3.68312997916529e-05,0.00919071513097683,4.43378295444452
"WBGene00018206",1267.29345205207,1743.72262460575,1957.11431711216,754.773349032908,532.509716188689,939.559118222734,1199.16209620238,-1.15737573349011,0.316464848665032,13.0431505990269,0.000304395593678222,0.0035712434744109,0.448327302885773,2.44718054017726
"WBGene00018252",64.283001191047,115.194111211002,97.6812849895552,6.19391962864051,34.2063532968429,27.4001248023563,57.4931325199072,-2.03149884110076,0.582733014581353,11.5007285963428,0.000695689146686699,0.00672051989129683,0.244600822275471,2.17259712915035
"WBGene00018335",1617.17664424905,1675.96138271692,1697.7937629137,379.59878866954,661.014665060613,750.409869587113,1130.32585219949,-1.47854273453426,0.312101884258065,21.5621458619587,3.42546416888595e-06,9.73928444162255e-05,0.358851104300221,4.01147295015122
"WBGene00018343",184.584046277149,252.975303051611,225.597253428258,30.9695981432026,23.1124008762452,25.6323748151075,123.811829431929,-3.0542067709562,0.32836381790272,81.6404143344845,1.63241646808187e-19,5.28742894828321e-17,0.120390480826559,16.2767554555651
"WBGene00018380",146.014245562521,39.5273911018143,39.5376629719628,5.30907396740615,13.8674405257471,21.2129998469855,44.2448023294061,-2.48264567060956,0.700800157993921,11.6304507084748,0.000648808315810221,0.00636819047466966,0.178916001809809,2.19598395518546
"WBGene00018393",3853.30675710905,2072.36464776655,3390.93603606599,1765.26709416255,1170.41198037306,1161.41174162246,2235.61637618327,-1.18527194564323,0.334270026291624,12.240991724855,0.000467509742902832,0.00498566393996894,0.439741639572292,2.30227699858311
"WBGene00018422",292.028491125042,317.348482845994,275.600768363388,112.375398976764,148.843861643019,175.891123731255,220.348021114244,-1.01768138978796,0.281678285682451,12.8563173139349,0.000336341852561369,0.00385033337661903,0.493909495514215,2.41450166598295
"WBGene00018433",37.6514721261847,57.5970556055008,68.609473980759,3.53938264493744,13.8674405257471,19.4452498597367,33.451679123811,-2.1505230310498,0.61252497287862,11.7766669317784,0.00059977779485948,0.00599378668680202,0.225230946185887,2.22229871724511
"WBGene00018437",8.26495729599175,20.3283725666473,24.4203212473888,0,2.77348810514942,1.76774998724879,9.59248153373768,-3.54831646243786,1.02468852949755,12.3120648282839,0.000450039845811131,0.00484945088907637,0.0854772045811274,2.31430743445858
"WBGene00018459",926.59354573952,805.22942444553,979.138594776256,125.648083895279,55.4697621029885,190.033123629245,513.68542243147,-2.86809027002747,0.427325162432505,39.5645389939213,3.17394614594104e-10,2.62152081924e-08,0.136967900399463,7.5814466889153
"WBGene00018605",2946.91644031528,3647.81352168171,4680.56157241619,284.035457256229,1334.97227461192,1559.15548875344,2408.90912583913,-1.82688584693878,0.540922804059449,10.7217347673549,0.00105884353919815,0.00918164641680539,0.281872405272152,2.03707943583345
"WBGene00018708",110.199430613223,42.9154531962555,74.4238361825183,20.3514502083903,26.8103850164444,23.8646248278587,49.7608633407818,-1.68441067366727,0.472337837630952,12.3656158601107,0.000437313288692231,0.00474014318629066,0.311129980820341,2.32420853932239
"WBGene00018813",164.380817331392,255.234011114572,294.206727409018,19.4666045471559,104.468051960628,71.5938744835761,151.558347807724,-1.86827684581631,0.550711628984148,10.8594814001166,0.000982912161846931,0.00867810048185433,0.273900376484053,2.06157532557553
"WBGene00018828",14.6932574150965,27.1044967555298,20.9317039263333,0.884845661234359,3.69798414019923,2.65162498087319,11.6606521465444,-3.11811196874627,0.818202975461535,15.0167989054611,0.000106558396375977,0.00160459266156315,0.115174084172751,2.79463519832941
"WBGene00018910",2459.28395985177,2648.33520382155,2580.41394514075,821.136773625485,1116.79121034017,976.681867954958,1767.10716012245,-1.39934632244618,0.223442775627773,37.8465029440605,7.65354545814965e-10,5.69499628032316e-08,0.379100871335568,7.24450655524347
"WBGene00019037",8.26495729599175,20.3283725666473,11.6287244035185,0,1.84899207009962,1.76774998724879,7.30646605391766,-3.47681842749926,1.09642856803301,10.6356412912403,0.00110928810754183,0.00948274046526561,0.0898200647586781,2.02306613555754
"WBGene00019131",174.48243180427,222.48274420164,208.154166822981,61.9391962864051,59.1677462431877,65.4067495282054,131.938839147782,-1.69631472057846,0.279555224300138,35.8234839564182,2.16028203749692e-09,1.48690412405882e-07,0.308573329824082,6.82771703398955
"WBGene00019187",123.056030851433,127.617005557286,108.147136952722,9.73330227357795,41.6023215772414,51.264749630215,76.9034244737458,-1.80692024309414,0.543279915949117,10.5510964434686,0.0011611918469555,0.00977163938861839,0.285800383397807,2.01003256855317
"WBGene00019189",402.227921738265,504.821252071742,398.865247040684,31.8544438044369,112.788516276077,57.4518745855858,251.334875919465,-2.69312051203695,0.449453651479527,32.175720016831,1.40839837889792e-08,8.07824056285234e-07,0.154628642767145,6.09268321806827
"WBGene00019208",95.5061731981269,123.099589431364,100.007029870259,49.5513570291241,33.2818572617931,19.4452498597367,70.1485427750674,-1.63851918030806,0.423593724687888,14.5102736082976,0.000139397249039254,0.00196644163695939,0.321185978893571,2.706318938714
"WBGene00019311",151.524217093182,80.1841362351089,77.9124535035738,38.0483634330774,40.6778255421916,34.4711247513515,70.4696867597476,-1.45636938751441,0.408915201001503,12.3966572885087,0.000430103093735851,0.00468350231075974,0.364409029501819,2.32942926116042
"WBGene00019414",2.75498576533059,10.1641862833237,11.6287244035185,0,0,0,4.09131607536212,-5.62287478559776,1.68288779621056,10.9207908503361,0.000950910069233748,0.00849544804417106,0.0202929893605577,2.07081371179435
"WBGene00019439",70.7113013101517,94.8657386443542,80.2381983842775,17.6969132246872,36.9798414019923,21.2129998469855,53.6174988020747,-1.69667224735357,0.423623452674934,15.6292576813765,7.70531131064818e-05,0.00124179548820095,0.308496869064586,2.90594992240354
"WBGene00019441",717.214627574396,1062.72214362306,852.385498777904,324.73835767301,546.377156714437,398.627622124603,650.344234414569,-1.05168535709748,0.306656536821066,11.5260349830561,0.000686282320287016,0.00665689820835069,0.482404290224597,2.17672808386095
"WBGene00019563",107.444444847893,110.67669508508,123.264478677296,38.0483634330774,17.5654246659464,30.0517497832295,71.1751927487536,-1.99183003461669,0.387572073961299,25.5173710776031,4.38417822830895e-07,1.64970934290286e-05,0.251419763375241,4.78259256602419
"WBGene00019598",359.984806669863,469.811277095849,439.565782452998,151.308608071075,220.954552376904,190.91699862287,305.423670881593,-1.1720540915501,0.274568935601008,17.8288773557047,2.41687264989686e-05,0.000483931143074499,0.443789029160813,3.31521642825263
"WBGene00019704",7.34662870754823,15.8109564407257,22.0945763666851,0,1.84899207009962,0,7.85019226417644,-4.63827824429592,1.34164390728733,14.1794126682205,0.000166178811223792,0.00227244021738893,0.0401549528442229,2.64350753323234
"WBGene00019922",24.7948718879753,55.3383475425399,48.8406424947776,0.884845661234359,5.54697621029885,12.3742499107416,24.6299889512613,-2.77389817530835,0.755040496453389,12.6690010243772,0.000371768113397807,0.00418340426785993,0.146208776984407,2.37847016486779
"WBGene00020054",224.072175580221,217.965328075719,205.828421942277,40.7029004167805,39.7533295071417,31.8194997704783,126.690275882103,-2.52953147871328,0.291594627415191,72.2008592772936,1.94371104819935e-17,4.87363327396719e-15,0.173194920161114,14.3121471532564
"WBGene00020073",21.1215575342012,46.3035152906967,61.6322393386479,7.96361095110923,9.24496035049808,3.53549997449759,24.9668972399418,-2.63443297504602,0.648339337671154,15.863723393169,6.80710975536982e-05,0.00112446646048954,0.161048488420402,2.94905349375574
"WBGene00020081",8.26495729599175,18.0696645036865,16.2802141649259,0,0.924496035049808,0,7.25655533327566,-5.45911534777309,1.43931265135274,17.7885949654226,2.46858556991439e-05,0.000493090266377459,0.0227322555974722,3.30707357037554
"WBGene00020098",868.738844667578,1124.83661535449,980.301467216608,317.659592383135,558.395605170084,548.002496047126,732.989103473169,-1.06225350713914,0.307720835553921,11.6716367478513,0.000634601562445727,0.00626223608724072,0.478883453390608,2.20327056344329
"WBGene00020155",1556.56695741178,1829.55353099826,1940.83410294723,975.099918680263,593.526454501977,859.126493802914,1292.45124305707,-1.13343334256848,0.277898973822345,16.2416195300019,5.57556739337226e-05,0.000962411679948969,0.455829644562652,3.01663911498388
"WBGene00020163",93.6695160212399,160.368272470218,152.336289686092,23.0059871920933,46.2248017524904,62.7551245473322,89.7266652782443,-1.62078285190726,0.452128935581694,12.3858440218257,0.000432601046039702,0.0047075999206389,0.325158974448389,2.32720045314421
"WBGene00020164",1085.46439154025,1304.40390635987,1076.81987976581,461.889435164335,548.226148784536,470.221496608179,824.50420970383,-1.22762737915907,0.224156398500432,29.2206393683522,6.4587533837719e-08,3.11965342533708e-06,0.427019133919171,5.50589365079696
"WBGene00020168",1710.84616027029,2142.38459771833,1853.61866992085,651.246406668488,1068.71741651758,1041.20474248954,1411.33633226418,-1.04738237386779,0.285381272889638,13.1940483671059,0.000280839570860811,0.00337395554258163,0.48384525744193,2.47186064425391
"WBGene00020182",224.072175580221,137.78119184061,150.010544805388,61.9391962864051,44.3758096823908,22.0968748406099,106.712632172604,-1.9965973168256,0.44380095848462,19.1735996008016,1.1935270500596e-05,0.000275746480278805,0.250590335959972,3.55949002233382
"WBGene00020216",3743.10732649582,3344.01728721349,3390.93603606599,1101.63284823678,946.683939891004,763.667994491479,2215.00757206576,-1.89777258315898,0.237937834134874,59.6622847064984,1.12614112973508e-14,1.7716881259137e-12,0.268357370333611,11.7516127255163
"WBGene00020218",1371.06458254619,1847.62319550195,2050.14411234031,147.769225426138,483.51142633105,613.409245575331,1085.58696462016,-2.08165171880717,0.48186927645445,17.2663460584796,3.24890421014532e-05,0.000615466154213194,0.236243785007954,3.210795824849
"WBGene00020247",637.320040379809,254.104657083092,363.979073830128,61.9391962864051,95.2230916101302,104.297249247679,252.810551406207,-2.26471679492322,0.418416470577104,27.0389776603473,1.99393954259522e-07,8.42401209824307e-06,0.208090528422267,5.07448101810504
"WBGene00020269",8933.50050837864,9195.20052431348,9098.31397331286,3429.66178294437,4031.72720885221,4394.6264683005,6513.83841101701,-1.19941613518173,0.206572245449385,32.7990603793923,1.02194229316001e-08,6.0724693311907e-07,0.435451475056308,6.21663466990748
"WBGene00020295",236.010447229987,266.527551429376,274.437895923036,102.642096703186,134.051925082222,128.161874075538,190.305298407224,-1.09003988070014,0.261413036284599,17.1192605453547,3.51044959499445e-05,0.000656728390257229,0.469748389081272,3.18261420882959
"WBGene00020338",37.6514721261847,97.124446707315,117.450116475537,11.5029935960467,22.1879048411954,20.3291248533611,51.0410097666066,-2.22036564446185,0.545437568961906,15.677491348935,7.51127577479745e-05,0.00121526703745229,0.214586966131469,2.91532828161351
"WBGene00020354",13.7749288266529,14.6816024092453,10.4658519631666,0,1.84899207009962,0,6.79522921152741,-4.42991631771196,1.31635768381476,13.8577457912252,0.000197182294700538,0.00257898204763119,0.0463940525513263,2.58855168098802
"WBGene00020394",78.9762586061434,40.6567451332947,60.4693668982961,2.65453698370308,18.4899207009962,15.9097498852391,36.1927630346121,-2.28541439597232,0.641852925687659,11.9897887403563,0.000534928536758955,0.00550216967541792,0.205126473744843,2.25946602100531
"WBGene00020467",664.869898033115,840.239399421423,773.310172833979,194.666045471559,436.362128543509,362.388747386003,545.306065281598,-1.19757098961719,0.349602900769407,11.4318663719366,0.000721951299943463,0.00692561760962025,0.436008755255474,2.15954149121804
"WBGene00020516",1521.67047105093,1230.99589431364,910.529120795497,387.562399620649,429.890656298161,441.937496812198,820.431006481846,-1.54083080912275,0.276988603509603,29.6820197513307,5.09047949852183e-08,2.53335522784183e-06,0.343687477196601,5.596303909035
"WBGene00020528",77.1396014292564,62.1144717314224,47.6777700544258,23.0059871920933,16.6409286308965,15.9097498852391,40.4147514872223,-1.75359540998417,0.432276679928576,16.1936388743945,5.71858217988739e-05,0.000982989167841413,0.29656178110505,3.0074512678979
"WBGene00020537",15.61158600354,30.492558849971,25.5831936877406,0.884845661234359,4.62248017524904,0.883874993624397,13.0130898952266,-3.49772860106222,0.867776403067448,16.6753551584722,4.43534755629095e-05,0.000802491854133299,0.0885276170850236,3.09555936730055
"WBGene00020543",9.18328588443528,11.2935403148041,19.7688314859814,0.884845661234359,0,0.883874993624397,7.00239639001325,-4.48571263895514,1.30166780641924,14.92882801799,0.000111643881096104,0.00166148222687076,0.0446340138388191,2.77950430007485
"WBGene00020589",174.48243180427,128.746359588766,150.010544805388,56.630122318999,41.6023215772414,76.0132494516981,104.580838257727,-1.37937262824089,0.349875761011352,15.1972198984129,9.68458936435978e-05,0.00148956919655362,0.384385913412422,2.82693931723351
"WBGene00020673",171.72744603894,211.189203886836,187.222462896647,98.2178683970138,90.6006114348812,84.8519993879421,140.634932007043,-1.0578245175682,0.267178042249961,15.4825751400797,8.3269347940693e-05,0.00132262149868491,0.480355856581457,2.87856442229109
"WBGene00020974",34.8964863608541,21.4577265981277,4.65148976140739,0,0,0,10.1676171200649,-6.95046714797315,1.52580784878065,21.0807591536688,4.40327350438969e-06,0.000120203312847129,0.00808538872612698,3.92008356285407
"WBGene00021053",14.6932574150965,28.2338507870102,25.5831936877406,0.884845661234359,2.77348810514942,0,12.0281059427052,-4.24168649287091,0.996330749298779,20.4230044652639,6.2079061486286e-06,0.000160231877608119,0.0528597534854975,3.79525107818889
"WBGene00021055",203.868946634463,274.433029649739,181.408100694888,56.630122318999,85.9781312596321,95.4584993114348,149.629471644859,-1.47041950545301,0.340661961194171,18.0784999957829,2.11981611935475e-05,0.000432311635501495,0.360877348060291,3.36420307544
"WBGene00021107",176.319088981157,179.567291005385,177.919483373833,61.0543506251708,52.6962739978391,37.1227497322247,114.113206285935,-1.82316286299615,0.314068710638248,32.6081228500143,1.1274257646551e-08,6.62773886346535e-07,0.282600737740791,6.17863461135563
"WBGene00021136",125.811016616763,88.0896144554718,95.3555401088515,3.53938264493744,8.32046431544827,19.4452498597367,56.7602113335348,-3.30400837027827,0.558897794108024,32.0800205915104,1.47951058678185e-08,8.456759648114e-07,0.101249846767419,6.07279601243595
"WBGene00021160",652.013297794905,579.358618149449,517.478235956572,170.775212618231,203.389127710958,199.755748559114,387.128373464872,-1.60822585384462,0.239324791200496,43.4697642379639,4.30560914160114e-11,4.3105671157642e-09,0.328001461014305,8.36546558852964
"WBGene00021224",2459.28395985177,2648.33520382155,2580.41394514075,821.136773625485,1116.79121034017,976.681867954958,1767.10716012245,-1.39934632244618,0.223442775627773,37.8465029440605,7.65354545814965e-10,5.69499628032316e-08,0.379100871335568,7.24450655524347
"WBGene00021233",29.3865148301929,36.139329007373,26.7460661280925,0,0,0,15.3786516609431,-7.54118194538748,1.31675138609174,46.7751569081196,7.96163142934358e-12,8.65251247245569e-10,0.00536880996227586,9.06285776600497
"WBGene00021236",528.957266943472,1285.2048878247,675.628887844424,56.630122318999,6.47147224534866,34.4711247513515,431.227293654716,-4.67163290925921,0.620768592731638,42.9361866178214,5.65548169572264e-11,5.52798237465339e-09,0.039237232289336,8.25743335033049
"WBGene00021420",4599.90789951363,6716.26842521398,6819.08399022324,1996.21181174471,2831.73135535756,2746.199605191,4284.90051454069,-1.25958144886914,0.280886393198896,19.5084354775957,1.00156412113297e-05,0.000239780256768052,0.417665114112722,3.62018657907571
"WBGene00021427",4836.83667533206,4553.555454929,5182.92246664819,1021.11189306445,1846.21858199447,1814.59536191089,3209.20673897984,-1.63818303682553,0.30063213834311,28.2463992774377,1.06813143146308e-07,4.80775561753098e-06,0.321260822952161,5.31805761601679
"WBGene00021463",17.448243180427,41.7860991647751,32.5604283298517,0.884845661234359,6.47147224534866,6.18712495537078,17.5563689228346,-2.75993023730508,0.753371229839726,12.9921132837169,0.000312805726140824,0.00363249253917199,0.147631221334162,2.43979526903263
"WBGene00021594",45.9164294221764,29.3632048184906,27.9089385684443,7.96361095110923,10.1694563855479,5.30324996174638,21.1041483512525,-2.1468043467419,0.570603942210916,14.0356491319557,0.000179377477727022,0.002409104272925,0.225812249329362,2.61814440208722
"WBGene00021619",97.342830375014,50.8209314166183,38.374790531611,4.42422830617179,5.54697621029885,7.95487494261957,34.0774386303889,-3.38377925054647,0.603864158160752,30.3012058921954,3.69895865611511e-08,1.90947181376142e-06,0.0958034054489279,5.71908674798363
"WBGene00021648",542.732195770125,774.736865595559,684.931867367238,194.666045471559,338.36554882823,315.54337272391,475.16264929277,-1.23838470196116,0.314873964842155,15.0553219138964,0.000104405456540309,0.00158226948310951,0.423846946305169,2.80071954798089
"WBGene00021651",100.097816140345,134.393129746168,119.77586135624,41.5877460780149,57.3187541730881,35.3549997449759,81.4213845398054,-1.39946013418542,0.348748053763752,15.7813974621798,7.10981357204281e-05,0.00116169149749333,0.379070965897152,2.93490918926491
"WBGene00021741",54.1813867181682,73.4080120462265,50.0035149351295,11.5029935960467,24.036896911295,20.3291248533611,38.9103215100378,-1.6694510606059,0.457287724192383,13.0679354741748,0.000300394051167049,0.00354190530423161,0.314372938456966,2.45076305421298
"WBGene00021818",224.990504168664,354.617165884848,325.604283298517,93.793640090842,145.14587750282,163.516873820513,217.944724127701,-1.16845021286314,0.340457450094444,11.5200378710603,0.000688499870103418,0.00667057440131283,0.444899008096282,2.17583676749577
"WBGene00022122",6640.43402303515,8641.81704888808,8478.50296260532,2193.53239419998,2820.63740293696,2397.95285770299,5195.47944822808,-1.68059355730678,0.236377510439827,47.9674411178258,4.3335598505505e-12,4.80443457525126e-10,0.311954265792853,9.31835771627796
"WBGene00022237",33.059829183967,40.6567451332947,43.0262802930184,0.884845661234359,7.39596828039847,8.83874993624397,22.3104030813595,-2.77033268940851,0.672053022284058,16.4425641348533,5.01464923646253e-05,0.000882183074942754,0.146570565184737,3.05444127860191
"WBGene00022261",7.34662870754823,23.7164346610886,29.0718110087962,1.76969132246872,0,1.76774998724879,10.6120526145251,-4.06657825672005,1.07930597646798,15.0291008328759,0.000105866064564977,0.00159870789080896,0.0596812574657596,2.79623088146882
"WBGene00022273",421.51282209558,434.801302119957,447.705889535461,131.842003523919,244.066953253149,249.25274820208,321.530286455024,-1.06075460302666,0.32129607264809,10.6927845693003,0.00107554195000877,0.0092777428053237,0.479381253251186,2.03255767102581
"WBGene00022335",534.467238474134,675.353710825284,589.576327258387,213.24780435748,336.51655675813,331.453122609149,446.769126713761,-1.02978986236645,0.286564051347825,12.6780503819123,0.000369973138479634,0.00417173124542326,0.489781483360875,2.37968367780765
"WBGene00022349",68.8746441332646,114.064757179521,113.961499154481,2.65453698370308,29.5838731215939,18.5613748661123,57.9501142397794,-2.54844012024585,0.658251154932337,13.7607936025368,0.000207624371031554,0.00266491607231565,0.17093975676452,2.57431646389975
"WBGene00022508",156.1158600354,444.96548840328,408.168226563499,17.6969132246872,84.1291391895325,91.0391243433129,200.352458626619,-2.38727551488195,0.602578512269931,14.2924943356012,0.000156487605909016,0.00216863990101596,0.1911430282137,2.66381255586273
"WBGene00022557",19.2849003573141,15.8109564407257,36.0490456509073,0,2.77348810514942,3.53549997449759,12.9089817547657,-3.4958346280603,0.899747395897514,15.2461161198246,9.43706189125986e-05,0.00146376361860771,0.0886439126417102,2.8345290512988
"WBGene00022559",7.34662870754823,14.6816024092453,4.65148976140739,0,0,0,4.44662014636682,-5.75013166608758,1.62416964708254,12.4606429611644,0.000415616856184562,0.0045618437523673,0.0185796654403726,2.34085959381754
"WBGene00022584",110.199430613223,111.80604911656,161.639269208907,17.6969132246872,44.3758096823908,30.0517497832295,79.2948702714997,-2.05887083561475,0.428964291063981,21.9470878416202,2.80271869042153e-06,8.20354882852267e-05,0.240003801821316,4.08599823258829
"WBGene00022657",16.5299145919835,12.4228943462845,10.4658519631666,0,0,0,6.56977681690577,-6.31836444776689,1.46101576623589,20.4131059673105,6.24009817468226e-06,0.000160561030759465,0.0125309148155436,3.79435985245561
"WBGene00022820",3790.86041309489,5176.95888030619,5848.08550252944,476.046965744085,1763.93843487503,1901.21511128608,3159.51755130595,-1.83901401018615,0.485806642048391,13.4589540220924,0.000243839660566092,0.0030172189909298,0.279512748346158,2.52039316741836
"WBGene00022970",187.33903204248,172.791166816502,151.17341724574,66.3634245925769,83.2046431544827,98.9939992859324,126.644280522952,-1.04168803011113,0.300337941491052,11.8780873009332,0.000567982407472091,0.00574556116903336,0.485758777402081,2.24066754735646
"WBGene00023409",651.094969206462,706.975623706735,650.045694156683,184.047897536747,352.232989353977,388.904997194735,488.883695192556,-1.11808645554241,0.336125066195073,10.8191659352322,0.00100454733197402,0.00882196564427373,0.460704483903791,2.05443463784433
"WBGene00043302",362.739792435194,311.701712688592,254.669064437055,128.302620878982,101.694563855479,99.8778742795568,209.83093809581,-1.49489408423713,0.284268559757825,26.8314742605924,2.21992214554268e-07,9.1677234805549e-06,0.354806886316875,5.03773849449102
"WBGene00044066",15.61158600354,32.7512669129318,27.9089385684443,0.884845661234359,6.47147224534866,5.30324996174638,14.8218932255409,-2.59077065882189,0.765414069393135,11.2077249388937,0.000814575238928375,0.00755566642446578,0.165997030782193,2.12172722401803
"WBGene00044200",247.948718879753,398.661973112584,395.376629719628,67.2482702538113,120.184484556475,115.787624164796,224.201283447841,-1.78025477394297,0.3577854864999,23.5691735510162,1.20502637005651e-06,3.96530490178556e-05,0.291131979380691,4.40172341312017
"WBGene00044436",61.5280154257164,91.477676549913,79.0753259439256,4.42422830617179,18.4899207009962,28.2839997959807,47.2131944537839,-2.17955818627714,0.591412123774309,12.8396539720413,0.000339350362773359,0.00387939698453503,0.220743339590358,2.41123577611758
"WBGene00045175",331.516620428114,361.39329007373,332.581517940628,94.6784857520764,159.013318028567,203.291248533611,247.079080126121,-1.16606086857046,0.34061792063601,11.4602845909003,0.000710994107628216,0.00684435411649796,0.445636445758934,2.16466752881205
"WBGene00045239",241.520418760648,185.214061162787,233.737360510721,76.9815725273892,70.2616986637854,89.2713743560641,149.497747663566,-1.4818673181812,0.283794994615592,26.5974152934217,2.50578761349546e-07,1.01953462037762e-05,0.358025110649843,4.99159802228047
"WBGene00045268",915.573602678198,713.751747895617,905.877631034089,52.2058940128272,109.090532135877,135.232874024533,471.955380296857,-3.09611040781158,0.378872271140186,57.9586108807333,2.67691199873943e-14,3.91326631036961e-12,0.116943987296047,11.4074605959561
"WBGene00045394",3859.73505722815,3118.1464809174,3765.38096185928,501.707489919881,1346.06622703252,1703.22711271421,2382.37722161191,-1.59716309291707,0.431315993610538,13.0712029075544,0.000299870492519197,0.00354029509378443,0.330526284037948,2.45096053677056
"WBGene00045399",2034.09782340242,850.403585704747,1296.60277099231,134.496540507623,342.988029003479,344.711247513515,833.883332854015,-2.34666886393063,0.458052798978473,23.8590153495696,1.03655284023645e-06,3.53777197683179e-05,0.196599442546946,4.45127016249329
"WBGene00077457",366.413106788968,397.532619081103,340.721625023091,146.884379764904,197.842151500659,173.239498750382,270.438896818184,-1.09306876316028,0.251439641931668,18.5735645855493,1.63471827692658e-05,0.000350700145669483,0.468763205039818,3.4550640537266
"WBGene00194674",1452.79582691766,923.811597750973,1287.2997914695,87.5997204622015,371.647406090023,434.866496863203,759.670139925593,-2.03500319975866,0.523913597650272,14.0082637806954,0.000182008950287196,0.0024305625301489,0.244007399008545,2.61429320151835
"WBGene00194908",441.716051041337,285.726569964543,346.535987224851,139.805614475029,97.0720836802299,91.9229993369373,233.796550953821,-1.70838717440838,0.318972467536321,27.4773263215953,1.58947057498879e-07,6.89146047985297e-06,0.306001965684161,5.16168873003341
"WBGene00194998",84.4862301368046,85.8309063925109,66.2837291000553,20.3514502083903,36.9798414019923,35.3549997449759,54.8811928307882,-1.35419749372712,0.395829784691073,11.5217405733698,0.000687869527736229,0.00666837836189834,0.391152341490656,2.17597976639911
"WBGene00195070",106.526116259449,115.194111211002,111.635754273777,23.0059871920933,49.9227858926896,57.4518745855858,77.2894382357662,-1.35448457165929,0.410798123710791,10.6261830497072,0.00111497614497732,0.00950376209436551,0.391074514901767,2.02210444382726
"WBGene00195189",124.89268802832,63.2438257629028,115.124371594833,11.5029935960467,33.2818572617931,26.5162498087319,62.4269976754379,-2.09152011841485,0.498213400680675,16.7506882647901,4.26267992895653e-05,0.000775497904696397,0.234633331895618,3.11041937126111
"WBGene00219374",473.857551636861,588.393450401292,494.220787149535,34.50898078814,146.994869572919,136.116749018157,312.348731427817,-2.29319832592509,0.491147946476147,19.9736588562111,7.85163796574163e-06,0.000195333143909768,0.204022712800161,3.70922405985677
"WBGene00219609",50.5080723643941,35.0099749758926,59.3064944579442,5.30907396740615,1.84899207009962,7.07099994899517,26.5089346307886,-3.34058491974435,0.614940752516955,29.6051922267779,5.29628772583047e-08,2.62730861690671e-06,0.0987151332519226,5.58048890979964
"WBGene00235272",10.1016144728788,24.845788692569,20.9317039263333,0,0.924496035049808,2.65162498087319,9.90920468461734,-3.95649921626011,1.05375519793291,15.2291964100044,9.52198587438638e-05,0.00147003443606531,0.0644132271368142,2.83267249163415
"WBGene00255594",55.0997153066117,41.7860991647751,33.7233007702036,14.1575305797497,10.1694563855479,15.9097498852391,28.4743086820212,-1.70161966289454,0.484059241374805,12.2345933067925,0.000469115679794219,0.00499142724836887,0.307440756612258,2.30177525448421
"WBGene00269376",123.056030851433,140.039899903571,111.635754273777,47.7816657066554,44.3758096823908,43.3098746875954,85.0331725175704,-1.46783869134719,0.305545710135286,22.718748596392,1.87529215490577e-06,5.80111443949221e-05,0.361523493549134,4.2364885670527
"WBGene00304895",33.059829183967,29.3632048184906,39.5376629719628,4.42422830617179,7.39596828039847,12.3742499107416,21.0258572452887,-2.07366276664678,0.576685747569225,12.7814094192061,0.000350081066744795,0.00398277489087966,0.237555618412767,2.39981423951374
"WBGene00305158",157.952517212287,181.825999068346,133.730330640462,24.775678514562,26.8103850164444,17.6774998724879,90.4620683874316,-2.77473125288062,0.353466682988678,58.9446425096921,1.62170799228673e-14,2.48046243746153e-12,0.146124373774492,11.6054673452562
